hit_id,worker_id,image_url,seen,prompt,type_test,emot0,emot1,emot2,pers0,pers1,pers2,phys0,phys1,phys2
302U8RURJ1ICECNA3L4VLVAGMWJVNM,A3IJNWM14T6CN7,https://vignette.wikia.nocookie.net/marveldatabase/images/b/be/Jimaine_Szardos_%28Earth-616%29_from_Nightcrawler_Vol_4_1_001.png/revision/latest/scale-to-width-down/350?cb=20140520005321,False,everest,everest,happy,positive,excited,strong,fearless,helpful,happy,helpful,excited
302U8RURJ1ICECNA3L4VLVAGMWJVNM,A2IZN6YFSP7YQ9,https://vignette.wikia.nocookie.net/marveldatabase/images/b/be/Jimaine_Szardos_%28Earth-616%29_from_Nightcrawler_Vol_4_1_001.png/revision/latest/scale-to-width-down/350?cb=20140520005321,False,everest,everest,confident,ambitious,secure,charismatic,aggressive,ambitious,beautiful,,
304QEQWKZR1E3WM613GJFRKVIABO02,A1JFWZME8NU6CO,https://vignette.wikia.nocookie.net/marveldatabase/images/6/60/Groot_%28Earth-616%29_from_Infinity_Countdown_Vol_1_1_001.jpg/revision/latest/scale-to-width-down/325?cb=20180308012708,False,topazes,topazes,melancholy,sad,sorrowful,violent,arrogant,,ugly,weird,
30UZJB2POJTOCEFLFB238JIB4RR358,A1ZJ5V4C6QVEUH,https://vignette.wikia.nocookie.net/marveldatabase/images/8/8b/Avengers_Vol_1_689_Textless.jpg/revision/latest/scale-to-width-down/333?cb=20180123211112,False,jollier,jollier,,,,evil,mean,whimsical,muscular,blue,
30Y6N4AHYRDBZTFG57LIOT9JNM4DRT,A3UNY9FSBWUFRX,https://vignette.wikia.nocookie.net/marveldatabase/images/5/5f/Arthur_Parks_%28Earth-616%29_from_Iron_Man_Vol_5_3.jpg/revision/latest?cb=20121117020544,False,antapex,antapex,calculating,unemotional,soulless,persevering,fierce,cold,buff,electric,powerful
31MBOZ6PAQ8QR3EP0RTBIBI2WU3LCB,A3S1HOO27HM4Z6,https://vignette.wikia.nocookie.net/marveldatabase/images/2/26/Arthur_Pendragon_%28Earth-616%29_from_Official_Handbook_of_the_Marvel_Universe_A-Z_Update_Vol_1_3_001.jpg/revision/latest/scale-to-width-down/242?cb=20151129013445,False,gitonin,gitonin,strong,robust,powerful,courageous,noble,firm,massive,strong,tall
31MBOZ6PAQ8QR3EP0RTBIBI2WU3LCB,A3OYZK65C2G39N,https://vignette.wikia.nocookie.net/marveldatabase/images/2/26/Arthur_Pendragon_%28Earth-616%29_from_Official_Handbook_of_the_Marvel_Universe_A-Z_Update_Vol_1_3_001.jpg/revision/latest/scale-to-width-down/242?cb=20151129013445,False,gitonin,gitonin,bewildered,angry,inquisitive,tough,,,solid,kingly,brawny
31ODACBENWWHPHJYPIR7E2LES3CQSZ,A3UNY9FSBWUFRX,https://vignette.wikia.nocookie.net/marveldatabase/images/8/8c/Joshua_Foley_%28Earth-616%29_from_Uncanny_X-Men_Vol_4_19_001.jpg/revision/latest/scale-to-width-down/235?cb=20170317013958,False,epiural,epiural,centered,rebellious,able,watchful,brave,vigilant,muscular,attractive,lean
31ODACBENWWHPHJYPIR7E2LES3CQSZ,APKO12PP5J5LW,https://vignette.wikia.nocookie.net/marveldatabase/images/8/8c/Joshua_Foley_%28Earth-616%29_from_Uncanny_X-Men_Vol_4_19_001.jpg/revision/latest/scale-to-width-down/235?cb=20170317013958,False,epiural,epiural,amazed,animated,attractive,versatile,intuitive,adaptable,fit,handsome,
31S7M7DAGI77DKG0MDO17LI6KG3TL2,A3EA602N6JSZ5W,https://vignette.wikia.nocookie.net/marveldatabase/images/8/8b/Marvel_Boy_The_Uranian_Vol_1_2_Textless.jpg/revision/latest/scale-to-width-down/349?cb=20100218173710,False,ironing,ironing,fearful,challenging,attractive,holy,moral,reliable,strong,fast,
334ZEL5JX8WE456IA5Z3PXQED2USOT,A1OZMT7ZSRH9BC,https://vignette.wikia.nocookie.net/marveldatabase/images/3/36/Billy_Russo_%28Earth-616%29_from_Punisher_Vol_8_9_001.jpg/revision/latest/scale-to-width-down/314?cb=20160425134716,False,spasmic,spasmic,intimidating,angry,scared,demanding,strong,determined,tall,muscular,asymmetrical
334ZEL5JX8WE456IA5Z3PXQED2USOT,A1ZNO22R0CI05Q,https://vignette.wikia.nocookie.net/marveldatabase/images/3/36/Billy_Russo_%28Earth-616%29_from_Punisher_Vol_8_9_001.jpg/revision/latest/scale-to-width-down/314?cb=20160425134716,False,spasmic,spasmic,angry,spiteful,determined,vengeful,resentful,unforgiving,frightening,alarming,dark
335HHSX8CFMYAZ1D929OAP7D0D6DHW,A2D70C0LG6MJH9,https://vignette.wikia.nocookie.net/marveldatabase/images/9/94/James_Braddock_Jr._%28Earth-616%29_from_Infinity_Countdown_Black_Widow_Vol_1_1_003.jpg/revision/latest/scale-to-width-down/274?cb=20180708041410,False,phenols,phenols,passionate,observant,,confident,daring,vicious,muscular,toned,athletic
335HHSX8CFMYAZ1D929OAP7D0D6DHW,A2CUFLOIO8ZAW4,https://vignette.wikia.nocookie.net/marveldatabase/images/9/94/James_Braddock_Jr._%28Earth-616%29_from_Infinity_Countdown_Black_Widow_Vol_1_1_003.jpg/revision/latest/scale-to-width-down/274?cb=20180708041410,True,phenols,phenols,honest,funny,sad,goofy,unfocused,fun,human,,
336OE47KI41216WOVMVIHEN7F8NVWD,APKO12PP5J5LW,https://vignette.wikia.nocookie.net/marveldatabase/images/7/72/Laynia_Petrovna_%28Earth-616%29_from_Avengers_Vol_8_10_002.jpg/revision/latest/scale-to-width-down/345?cb=20190201235133,False,channel,channel,fatigued,irritable,humbled,boastful,adventurous,annoying,tall,fit,large
336OE47KI41216WOVMVIHEN7F8NVWD,A2CUFLOIO8ZAW4,https://vignette.wikia.nocookie.net/marveldatabase/images/7/72/Laynia_Petrovna_%28Earth-616%29_from_Avengers_Vol_8_10_002.jpg/revision/latest/scale-to-width-down/345?cb=20190201235133,False,channel,channel,angry,focused,intense,honest,dramatic,intense,human,flying,energetic
33BFF6QPI3SIPXU5BCPCYJVOOOUW3H,A2CUFLOIO8ZAW4,https://vignette.wikia.nocookie.net/marveldatabase/images/4/4e/Victor_Mancha_%28Earth-616%29_from_Runaways_Vol_5_4_001.jpg/revision/latest/scale-to-width-down/329?cb=20171217112031,False,subfief,subfief,depressed,sad,unattached,flat,sad,unemotional,male,head,
33BFF6QPI3SIPXU5BCPCYJVOOOUW3H,A3TEVNU2YYO1VH,https://vignette.wikia.nocookie.net/marveldatabase/images/4/4e/Victor_Mancha_%28Earth-616%29_from_Runaways_Vol_5_4_001.jpg/revision/latest/scale-to-width-down/329?cb=20171217112031,False,subfief,subfief,lonely,sad,peaceful,worried,sad,asleep,white,,
33BFF6QPI3SIPXU5BCPCYJVOOOUW3H,ARA1SVR85THFP,https://vignette.wikia.nocookie.net/marveldatabase/images/4/4e/Victor_Mancha_%28Earth-616%29_from_Runaways_Vol_5_4_001.jpg/revision/latest/scale-to-width-down/329?cb=20171217112031,False,subfief,subfief,curious,,,crazy,hopeful,determined,,,
33CLA8O0MKS8XDTCWDG8CTC4ZZKFR6,A35PG6HAKKTRV2,https://vignette.wikia.nocookie.net/marveldatabase/images/2/24/New_Warriors_Vol_4_10_Textless.jpg/revision/latest?cb=20120317213635,False,prussin,prussin,fearful,cowardly,nervous,vengeful,violent,short-tempered,violent,angry,determined
33CLA8O0MKS8XDTCWDG8CTC4ZZKFR6,A3S1HOO27HM4Z6,https://vignette.wikia.nocookie.net/marveldatabase/images/2/24/New_Warriors_Vol_4_10_Textless.jpg/revision/latest?cb=20120317213635,False,prussin,prussin,revengeful,power,,mean,strong-willed,angry,tough,strong,powerful
33EEIIWHK9OXH902JDWCPP5LR76QV4,AG0DR7A5Y1976,https://vignette.wikia.nocookie.net/marveldatabase/images/9/94/Victoria_Hand_%28Earth-616%29_from_Marvel_War_of_Heroes_001.jpg/revision/latest/scale-to-width-down/280?cb=20160408015927,True,uneager,uneager,eager,angry,emotional,fiery,direct,determined,sexy,fierce,dark
33EEIIWHK9OXH902JDWCPP5LR76VQ9,APKO12PP5J5LW,https://vignette.wikia.nocookie.net/marveldatabase/images/c/c9/Thor_Vol_2_47_Textless.jpg/revision/latest/scale-to-width-down/333?cb=20071017152614,False,effects,effects,grouchy,hopeful,ill-tempered,courteous,diligent,courageous,unique,alert,fashionable
33EEIIWHK9OXH902JDWCPP5LR76VQ9,A8TASBST8Y826,https://vignette.wikia.nocookie.net/marveldatabase/images/c/c9/Thor_Vol_2_47_Textless.jpg/revision/latest/scale-to-width-down/333?cb=20071017152614,False,effects,effects,lazy,unsure,distrustful,evil,relaxed,,confident,strong,mysterious
33QQ60S6AUZ9G163XPSSEXCK0WZU0L,A3AD3D4PZX4QCB,https://vignette.wikia.nocookie.net/marveldatabase/images/e/e3/Invincible_Iron_Man_Vol_3_2_Kirby_Monster_Variant_Textless.jpg/revision/latest/scale-to-width-down/329?cb=20150911224651,True,matroid,matroid,grasping,,,violent,proud,aggressive,scaly,huge,green
33QQ60S6AUZ9G163XPSSEXCK0WZU0L,A3IJNWM14T6CN7,https://vignette.wikia.nocookie.net/marveldatabase/images/e/e3/Invincible_Iron_Man_Vol_3_2_Kirby_Monster_Variant_Textless.jpg/revision/latest/scale-to-width-down/329?cb=20150911224651,False,matroid,matroid,angry,scary,serious,angry,scary,serious,angry,scary,serious
33QQ60S6AUZ9G163XPSSEXCK0WZU0L,APKO12PP5J5LW,https://vignette.wikia.nocookie.net/marveldatabase/images/e/e3/Invincible_Iron_Man_Vol_3_2_Kirby_Monster_Variant_Textless.jpg/revision/latest/scale-to-width-down/329?cb=20150911224651,False,matroid,matroid,reasonable,playful,refreshed,confident,bold,cheerful,ugly,unfair,large
33TGB4G0LRY2DEXP0WRPIFDTRPDTXO,APKO12PP5J5LW,https://vignette.wikia.nocookie.net/marveldatabase/images/c/ca/Franklin_Hall_%28Earth-616%29_from_Uncanny_Avengers_Vol_3_27_001.jpg/revision/latest/scale-to-width-down/325?cb=20170916235844,False,eelpout,eelpout,hurt,jealous,powerful,bold,brave,arrogant,fit,dirty,large
33TGB4G0LRY2DEXP0WRPIFDTRPDXTS,A3AFCDW3U7MKFB,https://vignette.wikia.nocookie.net/marveldatabase/images/2/26/Biotron_%28Earth-616%29.jpg/revision/latest?cb=20090420233035,False,squarer,squarer,happy,angry,sad,stubborn,witty,smart,silver,metallic,
33TGB4G0LRY2DEXP0WRPIFDTRPDXTS,A3IJNWM14T6CN7,https://vignette.wikia.nocookie.net/marveldatabase/images/2/26/Biotron_%28Earth-616%29.jpg/revision/latest?cb=20090420233035,False,squarer,squarer,isolated,serious,,isolated,serious,,isolated,serious,
34O39PNDK8PIKWHWRBUCT3LJK1SRB0,A3UNY9FSBWUFRX,https://vignette.wikia.nocookie.net/marveldatabase/images/5/5b/Mighty_Thor_Vol_1_21_Textless.jpg/revision/latest/scale-to-width-down/332?cb=20120710200415,False,cicadas,cicadas,raging,angry,destructive,evil,devilish,angry,evil,fierce,enormous
34OWYT6U3YYM34ZG34M7O5P2956I9D,APKO12PP5J5LW,https://vignette.wikia.nocookie.net/marveldatabase/images/1/1e/Kro_%28Earth-616%29_from_Thor_The_Deviants_Saga_Vol_1_3_001.jpg/revision/latest/scale-to-width-down/231?cb=20160116221810,False,chiasma,chiasma,forgiving,loyal,guilty,sympathetic,witty,unassuming,introvert,angry,nasty
34ZTTGSNJZ5SZ85IEOF8AOECJSVQHE,A2HR7ZIX42FEPG,https://vignette.wikia.nocookie.net/marveldatabase/images/0/07/Turg_%28Moloid%29_%28Earth-616%29.jpg/revision/latest?cb=20101008180719,False,alannah,alannah,upset,frightened,sad,evil,different,scary,scary,thin,withered
35F6NGNVMA08YZRYIJNROG05PWYT7T,APKO12PP5J5LW,https://vignette.wikia.nocookie.net/marveldatabase/images/3/33/Beyond_Vol_1_3_Textless.jpg/revision/latest/scale-to-width-down/333?cb=20091108112029,False,prename,prename,brave,bold,aggressive,adventurous,bold,dark,violent,sharp,alert
35JDMRECC6QP29K2LR2QV7DXLPUGET,AAJEPFSQNC6X,https://vignette.wikia.nocookie.net/marveldatabase/images/c/c0/Rita_DeMara_%28Earth-616%29_from_Chaos_War_Dead_Avengers_Vol_1_1_001.jpg/revision/latest/scale-to-width-down/246?cb=20131219083353,False,boundly,boundly,,,,curious,witty,smart,tall,slim,slender
35NNO802AXD7S63A4E5C66KMEUNINC,A3TEVNU2YYO1VH,https://vignette.wikia.nocookie.net/marveldatabase/images/6/6e/Acroyear_%28Earth-616%29_from_Micronauts_Vol_1_46_0001.jpg/revision/latest/scale-to-width-down/261?cb=20160607050212,False,mehrdad,mehrdad,,,,strong,enraged,,bulky,,
35NNO802AXD7S63A4E5C66KMEUNINC,A3IJNWM14T6CN7,https://vignette.wikia.nocookie.net/marveldatabase/images/6/6e/Acroyear_%28Earth-616%29_from_Micronauts_Vol_1_46_0001.jpg/revision/latest/scale-to-width-down/261?cb=20160607050212,False,mehrdad,mehrdad,serious,,,serious,aggressive,,serious,aggressive,
35YHTYFL1IK0QKAT5XLIDQ17K5XVFF,A3JNYCCND4PSPO,https://vignette.wikia.nocookie.net/marveldatabase/images/6/6e/Nikolai_Krylenko_%28Earth-616%29_from_Avengers_Vol_8_10_002.jpg/revision/latest/scale-to-width-down/350?cb=20181216023043,True,cerebri,cerebri,angry,mad,pissed,strong,fast,,red,white,
35ZRNT9RUKFAKOL3KQY2HPI2LMVO3X,A35PG6HAKKTRV2,https://vignette.wikia.nocookie.net/marveldatabase/images/f/f7/New_Avengers_Vol_3_29_Textless.jpg/revision/latest/scale-to-width-down/350?cb=20141021184725,False,rattens,rattens,fearful,cautious,powerless,confident,curious,arrogant,powerful,,
362E9TQF2J71IEMOHASHGMBPDI1IG4,A3M706WDRF9W4E,https://vignette.wikia.nocookie.net/marveldatabase/images/0/0f/Cleo_Nefertiti_%28Earth-616%29_from_Avengers_vs._X-Men_Vol_1_0_0001.png/revision/latest/scale-to-width-down/141?cb=20120330065144,False,roofman,roofman,happy,uplifted,safe,brave,,,pretty,fit,
362E9TQF2J71IEMOHASHGMBPDI1IG4,AHD6Z6F9T75A9,https://vignette.wikia.nocookie.net/marveldatabase/images/0/0f/Cleo_Nefertiti_%28Earth-616%29_from_Avengers_vs._X-Men_Vol_1_0_0001.png/revision/latest/scale-to-width-down/141?cb=20120330065144,False,roofman,roofman,,,,outgoing,strong,powerful,strong,built,muscular
362E9TQF2J71IEMOHASHGMBPDI1IG4,A257Q6V67C6AMR,https://vignette.wikia.nocookie.net/marveldatabase/images/0/0f/Cleo_Nefertiti_%28Earth-616%29_from_Avengers_vs._X-Men_Vol_1_0_0001.png/revision/latest/scale-to-width-down/141?cb=20120330065144,False,roofman,roofman,interested,mysterious,unique,patient,detached,stoic,sexy,strong,feminine
36D1BWBEHPIXZ3483A5K6BO5K8GM25,A1OZMT7ZSRH9BC,https://vignette.wikia.nocookie.net/marveldatabase/images/b/b1/New_Excalibur_Vol_1_7_Textless.jpg/revision/latest/scale-to-width-down/332?cb=20080809213342,False,imbalms,imbalms,sneaky,mean,untrustworthy,mischievous,sly,conceded,strong,focused,defined
36D1BWBEHPIXZ3483A5K6BO5K8GM25,AHD6Z6F9T75A9,https://vignette.wikia.nocookie.net/marveldatabase/images/b/b1/New_Excalibur_Vol_1_7_Textless.jpg/revision/latest/scale-to-width-down/332?cb=20080809213342,False,imbalms,imbalms,,,,evil,villainous,bad,strong,thin,weathered
36D1BWBEHPIXZ3483A5K6BO5K8GM25,A3AFCDW3U7MKFB,https://vignette.wikia.nocookie.net/marveldatabase/images/b/b1/New_Excalibur_Vol_1_7_Textless.jpg/revision/latest/scale-to-width-down/332?cb=20080809213342,False,imbalms,imbalms,satisfied,angry,wrathful,evil,merciless,vengeful,skinny,tan,
36GJS3V78X7XDP6UZSDHSNQPQXQGJE,A2WSCI9DQBH855,https://vignette.wikia.nocookie.net/marveldatabase/images/7/77/Arthur_Stacy_%28Earth-616%29_from_Amazing_Spider-Man_Vol_1_93_0001.jpg/revision/latest/scale-to-width-down/229?cb=20101009060707,False,ozonify,ozonify,happy,hopeful,,trustworthy,strong,wise,old,serious,
36JW4WBR081V8JF9084EYPAYCQMFH9,A3IJNWM14T6CN7,https://vignette.wikia.nocookie.net/marveldatabase/images/3/36/Mik_%28Moloid%29_%28Earth-616%29_from_Fantastic_Four_Vol_6_2_001.jpg/revision/latest/scale-to-width-down/305?cb=20180913024809,False,cowling,cowling,happy,calm,kind,happy,kind,strange,happy,kind,strange
36JW4WBR081V8JF9084EYPAYCQMFH9,A1OZMT7ZSRH9BC,https://vignette.wikia.nocookie.net/marveldatabase/images/3/36/Mik_%28Moloid%29_%28Earth-616%29_from_Fantastic_Four_Vol_6_2_001.jpg/revision/latest/scale-to-width-down/305?cb=20180913024809,False,cowling,cowling,happy,content,comfortable,happy,silly,fun,skinny,,
36MUZ9VAE8JMQPABJ11IPMA08XEDEG,A3TMU2RBQ3Y7F6,https://vignette.wikia.nocookie.net/marveldatabase/images/d/d9/Gilgamesh_%28Earth-616%29_from_Eternals_Vol_4_5_0001.jpg/revision/latest/scale-to-width-down/331?cb=20111212022511,False,diester,diester,,,,strong,impressive,,fit,large,dark
371DNNCG46JCYDWHSOFX2GW00G4T8G,AKMFVHAB6TBNC,https://vignette.wikia.nocookie.net/marveldatabase/images/6/60/Chaos_War_Dead_Avengers_Vol_1_2_Textless.jpg/revision/latest/scale-to-width-down/329?cb=20110303173719,False,gypsine,gypsine,confident,angry,determined,strong,aggressive,dominating,tall,large,built
371DNNCG46JCYDWHSOFX2GW00G4T8G,AOGNIEJWXIERU,https://vignette.wikia.nocookie.net/marveldatabase/images/6/60/Chaos_War_Dead_Avengers_Vol_1_2_Textless.jpg/revision/latest/scale-to-width-down/329?cb=20110303173719,False,gypsine,gypsine,manic,angry,mad,unbalanced,aggressive,crazy,strong,mean,powerful
371Q3BEXDJQQ39KPCEAK5VXIX6XSZV,A1OZMT7ZSRH9BC,https://vignette.wikia.nocookie.net/marveldatabase/images/7/72/Grand_Vizier_%28Asgard%29_%28Earth-616%29_from_Thor_Vol_1_400_0001.jpg/revision/latest/scale-to-width-down/350?cb=20140205170038,False,cyclops,cyclops,helpful,serious,smart,spiritual,wise,powerful,wrinkled,old,bearded
374UMBUHN76EAGMU90V242SJQ7PTCM,AOGNIEJWXIERU,https://vignette.wikia.nocookie.net/marveldatabase/images/b/b3/Bernadette_Rosenthal_%28Earth-616%29_from_Captain_America_Vol_1_600_0001.jpg/revision/latest/scale-to-width-down/246?cb=20180502011339,False,donging,donging,tense,tired,successful,brainy,frank,capable,quirky,strong,pretty
374UMBUHN76EAGMU90V242SJQ7PTCM,A29V3LDV8VOM0K,https://vignette.wikia.nocookie.net/marveldatabase/images/b/b3/Bernadette_Rosenthal_%28Earth-616%29_from_Captain_America_Vol_1_600_0001.jpg/revision/latest/scale-to-width-down/246?cb=20180502011339,False,donging,donging,,,,involved,focused,curious,female,attractive,
375VMB7D4L0Y6UCXFKR9A18S0QLDIP,A3BVSTEODKSODS,https://vignette.wikia.nocookie.net/marveldatabase/images/c/c6/Fen_%28Earth-616%29.jpg/revision/latest?cb=20100712165730,False,auramin,auramin,affectionate,calm,reassured,purposeful,dynamic,determined,strong,beautiful,long-haired
375VMB7D4L0Y6UCXFKR9A18S0QLDIP,A3AFCDW3U7MKFB,https://vignette.wikia.nocookie.net/marveldatabase/images/c/c6/Fen_%28Earth-616%29.jpg/revision/latest?cb=20100712165730,False,auramin,auramin,neutral,mad,determined,confident,brave,independent,strong,beautiful,blue
375VMB7D4L0Y6UCXFKR9A18S0QLIDU,A35PG6HAKKTRV2,https://vignette.wikia.nocookie.net/marveldatabase/images/1/11/Korr_%28Moloid%29_%28Earth-616%29.jpg/revision/latest?cb=20101008175622,False,embliss,embliss,vulnerable,innocent,youthful,happy,safe,secure,vulnerable,loved,young
375VMB7D4L0Y6UCXFKR9A18S0QLIDU,APKO12PP5J5LW,https://vignette.wikia.nocookie.net/marveldatabase/images/1/11/Korr_%28Moloid%29_%28Earth-616%29.jpg/revision/latest?cb=20101008175622,False,embliss,embliss,fearful,loving,kind,caring,curious,careful,unique,good,green
375VMB7D4L0Y6UCXFKR9A18S0QLIDU,A3K3I4WJ3RD51I,https://vignette.wikia.nocookie.net/marveldatabase/images/1/11/Korr_%28Moloid%29_%28Earth-616%29.jpg/revision/latest?cb=20101008175622,False,embliss,embliss,,,,happy,unknowing,naive,alien,strange,creepy
378G7J1SJNFLZVA20W68HAZLFDKWE8,A3IJNWM14T6CN7,https://vignette.wikia.nocookie.net/marveldatabase/images/7/72/Microtron.jpg/revision/latest?cb=20111113131742,False,arratel,arratel,isolated,serious,,isolated,serious,,,,
379OL9DBSUV8T4EL7M8AATJQZO4Y9Z,A3IJNWM14T6CN7,https://vignette.wikia.nocookie.net/marveldatabase/images/a/aa/Patricia_Tilby_%28Earth-616%29-Uncanny_X-Men_Vol_1_342_001.jpg/revision/latest/scale-to-width-down/293?cb=20151129214512,False,gadding,gadding,strong,serious,,strong,serious,,pretty,strong,
37J05LC5AZ0U15W3X2C9M2NSD5ADJ1,A29V3LDV8VOM0K,https://vignette.wikia.nocookie.net/marveldatabase/images/c/c6/Zuras_%28Earth-616%29_from_X-Men_Vol_3_12.jpg/revision/latest/scale-to-width-down/204?cb=20130619044654,False,lateran,lateran,,,,menacing,threatening,,imposing,slow,strong
37J05LC5AZ0U15W3X2C9M2NSD5AJD7,APKO12PP5J5LW,https://vignette.wikia.nocookie.net/marveldatabase/images/6/69/Humberto_Lopez_%28Earth-616%29.png/revision/latest/scale-to-width-down/350?cb=20100315200933,False,dormins,dormins,secretive,resentful,,sincere,,,ugly,rough,good-looking
37J05LC5AZ0U15W3X2C9M2NSD5AJD7,A2VCNB4XETPOT2,https://vignette.wikia.nocookie.net/marveldatabase/images/6/69/Humberto_Lopez_%28Earth-616%29.png/revision/latest/scale-to-width-down/350?cb=20100315200933,False,dormins,dormins,sad,,,,,,muscular,hard,clammy
37J05LC5AZ0U15W3X2C9M2NSD5AJD7,A2F0H1QFK7X0N4,https://vignette.wikia.nocookie.net/marveldatabase/images/6/69/Humberto_Lopez_%28Earth-616%29.png/revision/latest/scale-to-width-down/350?cb=20100315200933,False,dormins,dormins,,,,mischievous,spirited,brave,unusual,humanoid,
37M4O367VLZPY0NVLT7I4IRH4I7M56,APKO12PP5J5LW,https://vignette.wikia.nocookie.net/marveldatabase/images/e/e6/Nathaniel_Richards_%28Earth-616%29_from_Fantastic_Four_Vol_1_588.JPG/revision/latest/scale-to-width-down/306?cb=20120304031303,False,legific,legific,indifferent,hyperactive,judgmental,strong,imaginative,judgmental,violent,horrible,dangerous
37NXA7GVSVNMQCKPR8OG836RH1JLVA,APKO12PP5J5LW,https://vignette.wikia.nocookie.net/marveldatabase/images/3/3e/Luna_Maximoff_%28Earth-616%29_from_All-New_Inhumans_Vol_1_11_001.PNG/revision/latest/scale-to-width-down/250?cb=20161017021310,False,styrian,styrian,undecided,neglectful,optimistic,friendly,fancy,,fair,beautiful,
37Y5RYYI0RM1YEKABWMZ8AH7P6ZXS3,ARA1SVR85THFP,https://vignette.wikia.nocookie.net/marveldatabase/images/7/74/Irene_Merryweather_%28Earth-616%29_from_Cable_%26_Deadpool_Vol_1_13_0001.jpg/revision/latest/scale-to-width-down/350?cb=20061122145952,False,trusion,trusion,tentative,hesitant,,seductive,manipulative,,sexy,enticing,
37Y5RYYI0RM1YEKABWMZ8AH7P6ZXS3,A3TMU2RBQ3Y7F6,https://vignette.wikia.nocookie.net/marveldatabase/images/7/74/Irene_Merryweather_%28Earth-616%29_from_Cable_%26_Deadpool_Vol_1_13_0001.jpg/revision/latest/scale-to-width-down/350?cb=20061122145952,False,trusion,trusion,,,,seductive,manipulative,bossy,busty,female,pale
37ZQELHEQ2FTOPT1PT34YZR3V37NMX,A3AFCDW3U7MKFB,https://vignette.wikia.nocookie.net/marveldatabase/images/7/7f/Onslaught_%28Psychic_Entity%29_%28Earth-616%29_by_Granov.jpg/revision/latest/scale-to-width-down/350?cb=20140714193735,False,attaleh,attaleh,angry,frustrated,determined,intelligent,focused,brave,red,tall,heroic
382GHPVPHU86GVBL16JT3RCX4VW343,A2IZN6YFSP7YQ9,https://vignette.wikia.nocookie.net/marveldatabase/images/3/35/Samuel_Saxon_%28Earth-616%29_from_Captain_America_Vol_6_9.JPG/revision/latest?cb=20120426010101,True,elliott,elliott,ghoulish,frightening,dread,strong,dreadful,,harmful,threatening,dark
382GHPVPHU86GVBL16JT3RCX4VW343,AWLVXTQ4SO4C8,https://vignette.wikia.nocookie.net/marveldatabase/images/3/35/Samuel_Saxon_%28Earth-616%29_from_Captain_America_Vol_6_9.JPG/revision/latest?cb=20120426010101,False,elliott,elliott,happy,humble,,efficient,friendly,gentle,athletic,faithful,cheerful
388CL5C1RL4H8BP5MJ7CT2FI9M8LHK,ARA1SVR85THFP,https://vignette.wikia.nocookie.net/marveldatabase/images/c/cf/Bova_Ayrshire_%28Earth-616%29_from_Avengers_Assemble_Vol_1_1_0001.png/revision/latest/scale-to-width-down/286?cb=20120519001143,False,pupiled,pupiled,questioning,tired,hungry,friendly,strong,misunderstood,eating,homely,
388CL5C1RL4H8BP5MJ7CT2FI9M8LHK,A3S5DWMCT53P8,https://vignette.wikia.nocookie.net/marveldatabase/images/c/cf/Bova_Ayrshire_%28Earth-616%29_from_Avengers_Assemble_Vol_1_1_0001.png/revision/latest/scale-to-width-down/286?cb=20120519001143,False,pupiled,pupiled,angry,hungry,shouting,ugly,stout,browny,muscular,fat,healthy
388CL5C1RL4H8BP5MJ7CT2FI9M8LHK,A1X9X6JCC0UEKM,https://vignette.wikia.nocookie.net/marveldatabase/images/c/cf/Bova_Ayrshire_%28Earth-616%29_from_Avengers_Assemble_Vol_1_1_0001.png/revision/latest/scale-to-width-down/286?cb=20120519001143,False,pupiled,pupiled,happy,satisfied,glad,sensitive,nice,kind,big,large,burly
388FBO7JZTATI6IF8WRFSUEA4DLNYN,A3EA602N6JSZ5W,https://vignette.wikia.nocookie.net/marveldatabase/images/b/bf/Ruth_Aldine_%28Earth-616%29_000.png/revision/latest/scale-to-width-down/150?cb=20130724031534,False,hubbies,hubbies,warm,loving,,glowing,mystic,,slim,attractive,
38DCH97KHJJOQE082OITM1URWKZQJJ,A3M706WDRF9W4E,https://vignette.wikia.nocookie.net/marveldatabase/images/8/85/Daniel_Brito_%28Earth-616%29_from_Amazing_Spider-Man_Annual_Vol_1_42_001.jpg/revision/latest/scale-to-width-down/301?cb=20180221035646,False,trummel,trummel,angry,bad,mad,malicious,,,mean,scheming,devious
38DCH97KHJJOQE082OITM1URWKZQJJ,A3UNY9FSBWUFRX,https://vignette.wikia.nocookie.net/marveldatabase/images/8/85/Daniel_Brito_%28Earth-616%29_from_Amazing_Spider-Man_Annual_Vol_1_42_001.jpg/revision/latest/scale-to-width-down/301?cb=20180221035646,False,trummel,trummel,bold,irritated,outraged,evil,malevolent,powerful,violent,strong,forceful
38VTL6WC4CUPSHC94WVTYDEODSLY58,A2VCNB4XETPOT2,https://vignette.wikia.nocookie.net/marveldatabase/images/2/21/Ghost_%28Earth-616%29_from_Amazing_Spider-Man_Vol_3_16_001.jpg/revision/latest/scale-to-width-down/325?cb=20150312234729,False,nurture,nurture,irritant,,,evil,ugly,mean,rough,hard,
38VTL6WC4CUPSHC94WVTYDEODSLY58,A3IJNWM14T6CN7,https://vignette.wikia.nocookie.net/marveldatabase/images/2/21/Ghost_%28Earth-616%29_from_Amazing_Spider-Man_Vol_3_16_001.jpg/revision/latest/scale-to-width-down/325?cb=20150312234729,False,nurture,nurture,lonely,isolated,mechanical,lonely,isolated,mechanical,lonely,isolated,
38Z7YZ2SB5JSV3G2K6XTA0FRJ5AIQZ,APKO12PP5J5LW,https://vignette.wikia.nocookie.net/marveldatabase/images/1/11/Marvel_Westerns_Strange_Westerns_Starring_the_Black_Rider_Vol_1_1_Textless.jpg/revision/latest/scale-to-width-down/328?cb=20161028195636,False,flytime,flytime,inquisitive,hyperactive,,conceited,hard-working,cooperative,sharp,tacky,terrifying
38Z7YZ2SB5JSV3G2K6XTA0FRJ5AQI7,A15QPJ7RZ06F1K,https://vignette.wikia.nocookie.net/marveldatabase/images/2/20/Ivan_Bezukhov_%28Earth-616%29.jpg/revision/latest/scale-to-width-down/258?cb=20100322234527,False,trilobe,trilobe,wonderful,frightening,awesome,intimidating,menacing,threatening,intimidating,menacing,large
38Z7YZ2SB5JSV3G2K6XTA0FRJ5AQI7,A35PG6HAKKTRV2,https://vignette.wikia.nocookie.net/marveldatabase/images/2/20/Ivan_Bezukhov_%28Earth-616%29.jpg/revision/latest/scale-to-width-down/258?cb=20100322234527,False,trilobe,trilobe,fearful,,,uncertain,inexperienced,,alien,powerful,
39N6W9XWRF4N8E1TLSEK2A5D31ZYGQ,A3NTSR7Z32TDOE,https://vignette.wikia.nocookie.net/marveldatabase/images/a/a7/Doctor_Strange_Vol_4_1_Kirby_Monster_Variant_Textless.jpg/revision/latest/scale-to-width-down/329?cb=20150906071430,False,volleys,volleys,confused,hurt,lonely,sacrificial,quiet,brave,strong,muscular,blank
39O0SQZVJPOVIKE6EUIWO1ZN1B1R7E,A3IJNWM14T6CN7,https://vignette.wikia.nocookie.net/marveldatabase/images/0/07/Joy_Mercado_%28Earth-616%29.jpg/revision/latest/scale-to-width-down/342?cb=20070823193525,False,referee,referee,helpful,serious,kind,helpful,serious,kind,pretty,beautiful,
39O0SQZVJPOVIKE6EUIWO1ZN1B1R7E,A1QQNQN745J3M9,https://vignette.wikia.nocookie.net/marveldatabase/images/0/07/Joy_Mercado_%28Earth-616%29.jpg/revision/latest/scale-to-width-down/342?cb=20070823193525,False,referee,referee,sneaky,calm,thoughtful,passionate,strong,smart,glamorous,seductive,blonde
39O0SQZVJPOVIKE6EUIWO1ZN1B1R7E,A1Z3JC2PW0L1NY,https://vignette.wikia.nocookie.net/marveldatabase/images/0/07/Joy_Mercado_%28Earth-616%29.jpg/revision/latest/scale-to-width-down/342?cb=20070823193525,False,referee,referee,annoyed,,,strong,bold,aggressive,young,female,blonde
39O6Z4JLX4EHQ61E5RR4JX1EOATVX6,A2IZN6YFSP7YQ9,https://vignette.wikia.nocookie.net/marveldatabase/images/0/0c/John_Greycrow_%28Earth-616%29_from_X-Men_Battle_of_the_Atom_%28video_game%29_001.jpg/revision/latest/scale-to-width-down/350?cb=20171022205857,False,kidlike,kidlike,fearful,egotistical,,anxious,menacing,aggressive,impressive,,
39O6Z4JLX4EHQ61E5RR4JX1EOATXV8,AXFTXWW2B0Y5B,https://vignette.wikia.nocookie.net/marveldatabase/images/0/09/Jackson_Brice_%28Earth-616%29_from_Amazing_Spider-Man_Annual_Vol_1_42_001.jpg/revision/latest/scale-to-width-down/276?cb=20180221041428,False,cottier,cottier,intimidating,menacing,dangerous,tough,no-nonsense,angry,muscular,western,
39RRBHZ0AWI6V11T69FPGIHPWARVZ3,A1HCP9XUWV8V2S,https://vignette.wikia.nocookie.net/marveldatabase/images/6/66/Maria_Callasantos_%28Earth-616%29_from_X-Factor_Vol_1_220_001.jpg/revision/latest?cb=20140113004506,False,visiter,visiter,cautious,detached,distant,reserved,unfriendly,crazy,gold,frightening,pink
39RRBHZ0AWI6V11T69FPGIHPWARVZ3,APKO12PP5J5LW,https://vignette.wikia.nocookie.net/marveldatabase/images/6/66/Maria_Callasantos_%28Earth-616%29_from_X-Factor_Vol_1_220_001.jpg/revision/latest?cb=20140113004506,False,visiter,visiter,affable,bold,blissful,confident,clever,dark,fair,lucky,
3AA88CN98RKSA0XCBJZZ02X6AIGYKT,A3DFNUPB6VEJNS,https://vignette.wikia.nocookie.net/marveldatabase/images/5/52/William_Cross_%28Earth-616%29_from_Marvel_War_of_Heroes_001.jpg/revision/latest/scale-to-width-down/304?cb=20140305024341,False,weenier,weenier,angry,weak,,evil,mean,commanding,tall,strong,menacing
3AFT28WXLHJPAR3M5T5PLVKR44SIOR,APKO12PP5J5LW,https://vignette.wikia.nocookie.net/marveldatabase/images/f/f3/Phillip_Urich_%28Earth-616%29_from_Amazing_Spider-Man_Vol_3_17.1_001.png/revision/latest?cb=20150421012451,False,apriori,apriori,wicked,wild,waspish,laid-back,easy-going,,attractive,stooped,pigeon-toed
3AFT28WXLHJPAR3M5T5PLVKR44SOIX,A2CUFLOIO8ZAW4,https://vignette.wikia.nocookie.net/marveldatabase/images/3/33/Brandy_Clark_%28Earth-616%29_0002.jpg/revision/latest?cb=20080611170624,False,daffery,daffery,worried,caring,enraged,angry,concerned,intense,female,,
3AFT28WXLHJPAR3M5T5PLVKR44SOIX,A1NF6PELRKACS9,https://vignette.wikia.nocookie.net/marveldatabase/images/3/33/Brandy_Clark_%28Earth-616%29_0002.jpg/revision/latest?cb=20080611170624,False,daffery,daffery,likeable,kind,,outspoken,curious,kind,strong,attractive,active
3AJA9FLWSEFV4EQT6QMZY1BDC31IF5,A2IZN6YFSP7YQ9,https://vignette.wikia.nocookie.net/marveldatabase/images/d/d2/Blackout_%28Lilin%29_%28Earth-616%29_from_Ghost_Riders_Heaven%27s_on_Fire_Vol_1_3_001.jpg/revision/latest/scale-to-width-down/350?cb=20091008131332,False,caracol,caracol,,,,fierce,frightening,haughty,mutant,frightening,scary
3AJA9FLWSEFV4EQT6QMZY1BDC31IF5,A1X9X6JCC0UEKM,https://vignette.wikia.nocookie.net/marveldatabase/images/d/d2/Blackout_%28Lilin%29_%28Earth-616%29_from_Ghost_Riders_Heaven%27s_on_Fire_Vol_1_3_001.jpg/revision/latest/scale-to-width-down/350?cb=20091008131332,False,caracol,caracol,irritable,dangerous,naughty,mean,manipulative,,strong,scary,
3AJA9FLWSEFV4EQT6QMZY1BDC31IF5,APKO12PP5J5LW,https://vignette.wikia.nocookie.net/marveldatabase/images/d/d2/Blackout_%28Lilin%29_%28Earth-616%29_from_Ghost_Riders_Heaven%27s_on_Fire_Vol_1_3_001.jpg/revision/latest/scale-to-width-down/350?cb=20091008131332,False,caracol,caracol,churlish,bothered,,rational,sincere,sensible,stupefied,shy,serious
3APP19WN73VLPURNF9JSJJLK4R6G68,A1THSBWV04YAIK,https://vignette.wikia.nocookie.net/marveldatabase/images/4/4e/Rose.jpg/revision/latest?cb=20110121232912,False,ruptive,ruptive,,,,angry,confused,intense,plain,attractive,handsome
3AQN9REUTHXKWUR2J2DCWP2GQ9JYDG,A3UNY9FSBWUFRX,https://vignette.wikia.nocookie.net/marveldatabase/images/d/db/Marrina_Smallwood_%28Earth-616%29_from_Alpha_Flight_Vol_4_3_001.jpg/revision/latest/scale-to-width-down/260?cb=20140211230840,False,jaegers,jaegers,intolerant,nasty,,testy,sneering,self-assured,reptilian,strong,dangerous
3AQN9REUTHXKWUR2J2DCWP2GQ9JYDG,APKO12PP5J5LW,https://vignette.wikia.nocookie.net/marveldatabase/images/d/db/Marrina_Smallwood_%28Earth-616%29_from_Alpha_Flight_Vol_4_3_001.jpg/revision/latest/scale-to-width-down/260?cb=20140211230840,False,jaegers,jaegers,reckless,reflective,panicky,kooky,enthusiastic,adventurous,paunchy,podgy,stocky
3B286OTISGYW3YTRDSL7W1FMS2DJA5,A2IZN6YFSP7YQ9,https://vignette.wikia.nocookie.net/marveldatabase/images/4/49/Calvin_Rankin_%28Earth-616%29_from_X-Men_Legacy_Vol_1_264.jpg/revision/latest/scale-to-width-down/257?cb=20120328234818,False,surgeon,surgeon,foreboding,,,industrious,intelligent,egotistical,foreboding,bold,frightening
3B286OTISGYW3YTRDSL7W1FMS2DJA5,APKO12PP5J5LW,https://vignette.wikia.nocookie.net/marveldatabase/images/4/49/Calvin_Rankin_%28Earth-616%29_from_X-Men_Legacy_Vol_1_264.jpg/revision/latest/scale-to-width-down/257?cb=20120328234818,False,surgeon,surgeon,passionate,joyful,,convivial,chatty,cheerful,muscular,burly,beefy
3BAKUKE49JTH7YZ4PE1NNR8AYP1R1H,A3IJNWM14T6CN7,https://vignette.wikia.nocookie.net/marveldatabase/images/e/ed/Kavita_Rao_%28Earth-616%29_from_Uncanny_X-Men_Vol_2_5_0001.png/revision/latest/scale-to-width-down/350?cb=20140115095947,False,actuals,actuals,kind,serious,helpful,kind,serious,smart,kind,serious,smart
3BAKUKE49JTH7YZ4PE1NNR8AYP1R1H,A6T77NZT2OVOX,https://vignette.wikia.nocookie.net/marveldatabase/images/e/ed/Kavita_Rao_%28Earth-616%29_from_Uncanny_X-Men_Vol_2_5_0001.png/revision/latest/scale-to-width-down/350?cb=20140115095947,False,actuals,actuals,scared,intimidated,skeptical,evil,aggressive,smart,alluring,beautiful,diverse
3BC9H1KCYWTJ50RT0XI2ODR1XPPYWP,ARA1SVR85THFP,https://vignette.wikia.nocookie.net/marveldatabase/images/3/3a/Civil_War_II_Choosing_Sides_Vol_1_1_Shalvey_Variant_Textless.jpg/revision/latest/scale-to-width-down/329?cb=20160617065433,True,gnathic,gnathic,stoic,,,fearless,heroic,,stealthy,black,
3BDORL6HKMU1U1925BQ74NR12MSRC7,A3IJNWM14T6CN7,https://vignette.wikia.nocookie.net/marveldatabase/images/d/dc/Jean_DeWolff_%28Earth-616%29_from_Official_Handbook_of_the_Marvel_Universe_Spider-Man_Vol_1_1_0001.jpg/revision/latest/scale-to-width-down/195?cb=20170402041237,False,barnard,barnard,strong,serious,helpful,strong,serious,helpful,strong,serious,
3BDORL6HKMU1U1925BQ74NR12MSRC7,APKO12PP5J5LW,https://vignette.wikia.nocookie.net/marveldatabase/images/d/dc/Jean_DeWolff_%28Earth-616%29_from_Official_Handbook_of_the_Marvel_Universe_Spider-Man_Vol_1_1_0001.jpg/revision/latest/scale-to-width-down/195?cb=20170402041237,False,barnard,barnard,scared,seething,selfish,courageous,persistent,funny,blue-eyed,stylish,tall
3BFF0DJK8ZTUHXBQ6ML2J7W1CABSTF,A3BVSTEODKSODS,https://vignette.wikia.nocookie.net/marveldatabase/images/4/47/Blake_Tower_%28Earth-616%29_from_Sensational_She-Hulk_Vol_1_4_0001.jpg/revision/latest?cb=20150916130103,False,budders,budders,fearful,worried,grim,worried,angry,distressed,male,blonde,
3BFF0DJK8ZTUHXBQ6ML2J7W1CABSTF,A3DFNUPB6VEJNS,https://vignette.wikia.nocookie.net/marveldatabase/images/4/47/Blake_Tower_%28Earth-616%29_from_Sensational_She-Hulk_Vol_1_4_0001.jpg/revision/latest?cb=20150916130103,False,budders,budders,scared,confused,thoughtful,evil,sneaky,pensive,tall,pained,blonde
3BO3NEOQM2Y08N9LVA07K00MFNOIAS,A3UNY9FSBWUFRX,https://vignette.wikia.nocookie.net/marveldatabase/images/6/61/X-Men_Red_Vol_1_6_Textless.jpg/revision/latest/scale-to-width-down/323?cb=20180419074741,False,undowny,undowny,calculating,unruffled,,steady,unwavering,determined,fierce,strong,electrifying
3BPP3MA3TE15O1Y3WIZ68ZI5H6GLE4,A3TMU2RBQ3Y7F6,https://vignette.wikia.nocookie.net/marveldatabase/images/d/d1/Eliot_Franklin_%28Clown%29_%28Earth-616%29_from_Hulk_Vol_3_15.jpg/revision/latest?cb=20150305012135,False,sansara,sansara,happy,interested,excited,adventurous,sporty,secure,tan,fit,male
3C8QQOM6JRIH460PS1PXTEGX9ZNLID,A35PG6HAKKTRV2,https://vignette.wikia.nocookie.net/marveldatabase/images/4/4d/Vanessa_Carlysle_%28Earth-616%29_from_Deadpool_Vol_1_51.png/revision/latest/scale-to-width-down/206?cb=20141103181549,False,opposal,opposal,,,,sexy,confident,strong,,,
3C8QQOM6JRIH460PS1PXTEGX9ZNLID,A3IJNWM14T6CN7,https://vignette.wikia.nocookie.net/marveldatabase/images/4/4d/Vanessa_Carlysle_%28Earth-616%29_from_Deadpool_Vol_1_51.png/revision/latest/scale-to-width-down/206?cb=20141103181549,False,opposal,opposal,serious,calm,helpful,serious,calm,helpful,pretty,beautiful,
3CMV9YRYP5IDZHKVAJAX5FVXMECLJP,APKO12PP5J5LW,https://vignette.wikia.nocookie.net/marveldatabase/images/0/0e/Brian_Falsworth_%28Earth-616%29_from_Official_Handbook_of_the_Marvel_Universe_Vol_4_8_0001.jpg/revision/latest/scale-to-width-down/187?cb=20061216193601,False,piebald,piebald,tearful,jubilant,serene,dynamic,observant,,strong,muscular,heavy
3D0LPO3EADGB0RIR9BRS7JEFUNQYOD,ARA1SVR85THFP,https://vignette.wikia.nocookie.net/marveldatabase/images/6/64/Robert_Herman_%28Earth-616%29_from_Extraordinary_X-Men_Vol_1_8_001.jpg/revision/latest/scale-to-width-down/350?cb=20160701114614,False,plectra,plectra,perverse,scary,abject,evil,horrible,angry,,,
3D1TUISJWKHKNWNJ1FHYK1CGMQGIU4,A3IJNWM14T6CN7,https://vignette.wikia.nocookie.net/marveldatabase/images/e/e3/Molly_Hayes_%28Earth-616%29_by_Kris_Anka_001.jpg/revision/latest/scale-to-width-down/333?cb=20171201111040,False,trintle,trintle,happy,calm,kind,happy,helpful,kind,happy,cute,kind
3D1TUISJWKHKNWNJ1FHYK1CGMQGIU4,A2IDEAHVELNWTH,https://vignette.wikia.nocookie.net/marveldatabase/images/e/e3/Molly_Hayes_%28Earth-616%29_by_Kris_Anka_001.jpg/revision/latest/scale-to-width-down/333?cb=20171201111040,False,trintle,trintle,,,,happy,mischievous,jocular,playful,weak,young
3D42WVSDHACHUE5YA882KP512MZFY8,A1QQNQN745J3M9,https://vignette.wikia.nocookie.net/marveldatabase/images/f/f6/Silhouette_Chord_%28Earth-616%29_from_New_Warriors_5_7_0001.png/revision/latest?cb=20140704083626,False,baizing,baizing,strong,smart,quizzical,strong,wise,powerful,fit,strong,sexy
3D5G8J4N5CLA9PSU0HQ7UUG8BE5VTN,A3IJNWM14T6CN7,https://vignette.wikia.nocookie.net/marveldatabase/images/1/1d/Vashti001.jpg/revision/latest?cb=20080518170417,False,cajoler,cajoler,dazed,sad,serious,dazed,sad,serious,dazed,sad,intoxicated
3D5G8J4N5CLA9PSU0HQ7UUG8BE5VTN,A3AFCDW3U7MKFB,https://vignette.wikia.nocookie.net/marveldatabase/images/1/1d/Vashti001.jpg/revision/latest?cb=20080518170417,False,cajoler,cajoler,tired,confused,frustrated,witty,wise,,wrinkly,old,blue
3D7VY91L67ERNG44M3YV74R9EETMB7,APKO12PP5J5LW,https://vignette.wikia.nocookie.net/marveldatabase/images/d/dd/Kristoff_Vernard_%28Earth-616%29_from_New_Avengers_Vol_3_24_001.jpg/revision/latest/scale-to-width-down/350?cb=20170129225648,False,haiduck,haiduck,hostile,harassed,kind,passionate,reliable,persistent,violent,unusual,stormy
3D7VY91L67ERNG44M3YV74R9EETMB7,A3IJNWM14T6CN7,https://vignette.wikia.nocookie.net/marveldatabase/images/d/dd/Kristoff_Vernard_%28Earth-616%29_from_New_Avengers_Vol_3_24_001.jpg/revision/latest/scale-to-width-down/350?cb=20170129225648,False,haiduck,haiduck,lonely,isolated,serious,lonely,isolated,serious,lonely,isolated,serious
3DA79LNS5BCQXGQBG7K1BZOPKUCT3O,A3UNY9FSBWUFRX,https://vignette.wikia.nocookie.net/marveldatabase/images/6/65/Jill_Stacy_%28Earth-616%29.jpg/revision/latest/scale-to-width-down/244?cb=20100314192746,False,lulavim,lulavim,thinking,serious,nervous,intuitive,uncertain,emotional,youthful,beautiful,voluptuous
3DA79LNS5BCQXGQBG7K1BZOPKUCT3O,AJ6EHNV0RNEK6,https://vignette.wikia.nocookie.net/marveldatabase/images/6/65/Jill_Stacy_%28Earth-616%29.jpg/revision/latest/scale-to-width-down/244?cb=20100314192746,False,lulavim,lulavim,worried,nervous,distraught,intuitive,cautious,careful,fit,feminine,fashionable
3E24UO25Q179H78L3SW0OSUMVDXO63,A3BVSTEODKSODS,https://vignette.wikia.nocookie.net/marveldatabase/images/9/97/Samuel_Smithers_%28Earth-616%29_from_All-New%2C_All-Different_Avengers_Vol_1_8.jpg/revision/latest/scale-to-width-down/350?cb=20170916145411,False,werecat,werecat,dread,,,combative,strong,menacing,big,green,
3E9VAUV7BYVMYNOQZSMA6OUA56MYAE,A2IDEAHVELNWTH,https://vignette.wikia.nocookie.net/marveldatabase/images/6/65/Norman_Harold_Osborn_%28Earth-616%29_from_Superior_Spider-Man_Vol_1_31_001.PNG/revision/latest?cb=20161008223740,False,kinkier,kinkier,,,,sad,mysterious,,small,weak,jittery
3ECKRY5B1SD19VHT72G61TRVO8VIZT,A3BVSTEODKSODS,https://vignette.wikia.nocookie.net/marveldatabase/images/2/26/Irene_Adler_%28Earth-616%29_from_Official_Handbook_of_the_Marvel_Universe_Vol_4_7.jpg/revision/latest/scale-to-width-down/245?cb=20130719234650,False,boomers,boomers,dread,,,harsh,cold,remote,tall,robed,blue
3EQVJH0T4225ROXAVS93FTPZ3ZUTHV,AW8JVJQNLTXND,https://vignette.wikia.nocookie.net/marveldatabase/images/7/71/Thunderbolts_Vol_1_5_page_07_Dallas_Riordan_%28Earth-616%29.jpg/revision/latest/scale-to-width-down/350?cb=20101203070720,False,neddies,neddies,tough,strong-willed,hesitant,brainy,confident,smart,fit,athletic,strong
3EQVJH0T4225ROXAVS93FTPZ3ZUTHV,APKO12PP5J5LW,https://vignette.wikia.nocookie.net/marveldatabase/images/7/71/Thunderbolts_Vol_1_5_page_07_Dallas_Riordan_%28Earth-616%29.jpg/revision/latest/scale-to-width-down/350?cb=20101203070720,False,neddies,neddies,happy,lonely,,boastful,ambitious,arrogant,fair,tall,
3FK4G712NZHT2XYBHMGC920FARXSSQ,A3IJNWM14T6CN7,https://vignette.wikia.nocookie.net/marveldatabase/images/5/5d/Venom_Super_Special_Vol_1_1_page_50_Martha_Connors_%28Earth-616%29.jpg/revision/latest/scale-to-width-down/257?cb=20100710075106,False,gypster,gypster,happy,calm,kind,happy,calm,kind,strong,welcoming,pretty
3FK4G712NZHT2XYBHMGC920FARXSSQ,APKO12PP5J5LW,https://vignette.wikia.nocookie.net/marveldatabase/images/5/5d/Venom_Super_Special_Vol_1_1_page_50_Martha_Connors_%28Earth-616%29.jpg/revision/latest/scale-to-width-down/257?cb=20100710075106,False,gypster,gypster,bitter,fresh,heavy,affable,amiable,agreeable,muscular,slim,curvy
3FO95NVK5EHH1IYY2XG7JSVJOPESR2,APKO12PP5J5LW,https://vignette.wikia.nocookie.net/marveldatabase/images/4/4b/Nebula_%28Earth-616%29_from_Asgardians_of_the_Galaxy_Vol_1_2_cover_001.jpg/revision/latest/scale-to-width-down/297?cb=20190204173218,False,trimmed,trimmed,loving,jealous,mysterious,loyal,energetic,,fat,flabby,curvy
3FTID4TN8NF3U6FUWJB0F2ALZILYLW,A1THSBWV04YAIK,https://vignette.wikia.nocookie.net/marveldatabase/images/d/da/Maya_Lopez_%28Earth-616%29.jpg/revision/latest?cb=20090712140806,False,renting,renting,,,,proud,snobbish,arrogant,strong,athletic,beautiful
3FTID4TN8NF3U6FUWJB0F2ALZILYLW,APKO12PP5J5LW,https://vignette.wikia.nocookie.net/marveldatabase/images/d/da/Maya_Lopez_%28Earth-616%29.jpg/revision/latest?cb=20090712140806,False,renting,renting,caring,bold,blissful,tender,self-confident,stubborn,angled,beautiful,peaceful
3FTID4TN8NF3U6FUWJB0F2ALZILYLW,A2IZN6YFSP7YQ9,https://vignette.wikia.nocookie.net/marveldatabase/images/d/da/Maya_Lopez_%28Earth-616%29.jpg/revision/latest?cb=20090712140806,False,renting,renting,overpowering,astonishing,aggressive,diligent,ambitious,,fierce,focused,proud
3FULMHZ7OWE72HJV7OO8ZQL34MCM41,AMD5KDWO4WX8Z,https://vignette.wikia.nocookie.net/marveldatabase/images/0/08/John_Horton_%28Earth-616%29.JPG/revision/latest?cb=20120116023413,False,lomenta,lomenta,,,,angry,stubborn,,fierce,angry,intimidating
3G3AJKPCXN97WY89QRCJTL8ADWQY43,A29V3LDV8VOM0K,https://vignette.wikia.nocookie.net/marveldatabase/images/4/40/Bethany_Cabe_%28Earth-616%29_from_Tony_Stark_Iron_Man_Vol_1_2_001.jpg/revision/latest/scale-to-width-down/188?cb=20180724011350,False,dickeys,dickeys,hostile,argumentative,,annoyed,angry,irritated,stern,average,female
3G9UA71JVXBEKWVT6P9NMADWRU7J7E,A2F0H1QFK7X0N4,https://vignette.wikia.nocookie.net/marveldatabase/images/e/e6/Rachel_van_Helsing_%28Earth-616%29_from_Vampires_The_Marvel_Undead_Vol_1_1_0001.jpg/revision/latest/scale-to-width-down/204?cb=20160823224108,False,dadaist,dadaist,,,,competent,righteous,strong-willed,hip,beautiful,young
3GV1I4SEOB61BM5OQ0G8WBQS08SL6J,ARA1SVR85THFP,https://vignette.wikia.nocookie.net/marveldatabase/images/1/1d/Plan_Chu_%28Earth-616%29_from_Agents_of_Atlas_Vol_1_6_0001.jpg/revision/latest/scale-to-width-down/259?cb=20170129083714,False,coppers,coppers,wary,dubious,,charismatic,manipulative,untrustworthy,evil,chinese,
3GV1I4SEOB61BM5OQ0G8WBQS08SL6J,APKO12PP5J5LW,https://vignette.wikia.nocookie.net/marveldatabase/images/1/1d/Plan_Chu_%28Earth-616%29_from_Agents_of_Atlas_Vol_1_6_0001.jpg/revision/latest/scale-to-width-down/259?cb=20170129083714,False,coppers,coppers,manic,jealous,ignorant,eager,curious,arrogant,dangerous,yellow,
3GV1I4SEOB61BM5OQ0G8WBQS08SL6J,A2F0S6QNBSHCNK,https://vignette.wikia.nocookie.net/marveldatabase/images/1/1d/Plan_Chu_%28Earth-616%29_from_Agents_of_Atlas_Vol_1_6_0001.jpg/revision/latest/scale-to-width-down/259?cb=20170129083714,True,coppers,coppers,fearful,scary,cunning,sly,crafty,cunning,dark,slim,middle-aged
3GVPRXWRPJBIPLBNO7ONA9YWEFII71,A1OZMT7ZSRH9BC,https://vignette.wikia.nocookie.net/marveldatabase/images/e/e4/Arkady_Rossovich_%28Earth-616%29_from_Weapon_X_Vol_3_18_cover_001.jpg/revision/latest/scale-to-width-down/350?cb=20180505232453,False,dragoon,dragoon,angry,serious,ambitious,strong,confident,loud,muscular,long-haired,
3GVPRXWRPJBIPLBNO7ONA9YWEFII71,A84GVD9FRSUI1,https://vignette.wikia.nocookie.net/marveldatabase/images/e/e4/Arkady_Rossovich_%28Earth-616%29_from_Weapon_X_Vol_3_18_cover_001.jpg/revision/latest/scale-to-width-down/350?cb=20180505232453,False,dragoon,dragoon,,,,bad,powerful,,red,ugly,strong
3H781YYV6VZT7E685R1XUQSMBJ2TEF,ARA1SVR85THFP,https://vignette.wikia.nocookie.net/marveldatabase/images/5/5e/New_Mutants_Vol_3_21_Textless.jpg/revision/latest/scale-to-width-down/329?cb=20111202164532,False,cobbier,cobbier,,,,vengeful,angry,determined,large,hairy,powerful
3HEADTGN2R9XTAF2WSLCUFFQNT8VRA,A3K3I4WJ3RD51I,https://vignette.wikia.nocookie.net/marveldatabase/images/a/a9/Attuma_%28Earth-616%29_from_Marvel_War_of_Heroes_001.jpg/revision/latest/scale-to-width-down/305?cb=20140812001935,False,hushaby,hushaby,,,,confident,stubborn,,ancient,intimidating,foreboding
3HEADTGN2R9XTAF2WSLCUFFQNT8VRA,A1RAOK15WQQSQO,https://vignette.wikia.nocookie.net/marveldatabase/images/a/a9/Attuma_%28Earth-616%29_from_Marvel_War_of_Heroes_001.jpg/revision/latest/scale-to-width-down/305?cb=20140812001935,False,hushaby,hushaby,,,,regal,determined,mighty,strong,alien,blue
3HEM8MA6HBTKCP36X1NDJXG35J5QPJ,A3IJNWM14T6CN7,https://vignette.wikia.nocookie.net/marveldatabase/images/c/ca/William_Lumpkin_%28Earth-616%29_from_Official_Handbook_of_the_Marvel_Universe_Vol_3_4_001.jpg/revision/latest/scale-to-width-down/295?cb=20160823043334,False,isatide,isatide,happy,helpful,,friendly,open,kind,friendly,old,helpful
3HEM8MA6HBTKCP36X1NDJXG35J5QPJ,A3UNY9FSBWUFRX,https://vignette.wikia.nocookie.net/marveldatabase/images/c/ca/William_Lumpkin_%28Earth-616%29_from_Official_Handbook_of_the_Marvel_Universe_Vol_3_4_001.jpg/revision/latest/scale-to-width-down/295?cb=20160823043334,False,isatide,isatide,happy,nice,considerate,friendly,interested,cheerful,spunky,strong,old
3HJ1EVZS2Q0DH1DJCIF6BKN7W9FR39,A1X9X6JCC0UEKM,https://vignette.wikia.nocookie.net/marveldatabase/images/8/83/Stranger_%28Cosmic_Being%29_%28Earth-616%29_from_Howard_the_Duck_Vol_6_3_001.jpg/revision/latest/scale-to-width-down/308?cb=20160102080157,False,outrock,outrock,confident,,,sneaky,,,manly,muscular,mighty
3HJ1EVZS2Q0DH1DJCIF6BKN7W9FR39,A2HR7ZIX42FEPG,https://vignette.wikia.nocookie.net/marveldatabase/images/8/83/Stranger_%28Cosmic_Being%29_%28Earth-616%29_from_Howard_the_Duck_Vol_6_3_001.jpg/revision/latest/scale-to-width-down/308?cb=20160102080157,False,outrock,outrock,loyal,,,caring,masculine,,strong,old,handsome
3HXK2V1N4MWX7T8MS77PT648OM4G2R,ARA1SVR85THFP,https://vignette.wikia.nocookie.net/marveldatabase/images/a/ae/Zelda_DuBois_%28Earth-616%29_from_Punisher_War_Journal_Vol_2_4_0001.jpg/revision/latest/scale-to-width-down/162?cb=20081222012355,False,squaddy,squaddy,beguiling,untrustworthy,enchanting,capricious,seductive,dangerous,,,
3HXK2V1N4MWX7T8MS77PT648OM4G2R,A2N4XFRCBWHT3V,https://vignette.wikia.nocookie.net/marveldatabase/images/a/ae/Zelda_DuBois_%28Earth-616%29_from_Punisher_War_Journal_Vol_2_4_0001.jpg/revision/latest/scale-to-width-down/162?cb=20081222012355,False,squaddy,squaddy,sly,angry,cunning,seductive,menacing,dangerous,tempting,sexual,dark
3I4E7AFQ2MG1IUS0JSCOR65EGRYTJ0,A3IJNWM14T6CN7,https://vignette.wikia.nocookie.net/marveldatabase/images/a/a4/Ringo_Kid_%28Earth-616%29.jpg/revision/latest/scale-to-width-down/350?cb=20130621224745,False,subdure,subdure,vengeful,angry,,serious,bad,scary,dangerous,serious,deadly
3I6NF2WGIIDP6QR9AQ9NRD7K8WVG5S,A29V3LDV8VOM0K,https://vignette.wikia.nocookie.net/marveldatabase/images/b/ba/Secret_Empire_Vol_1_3_Villain_Variant_Textless.jpg/revision/latest/scale-to-width-down/329?cb=20170509002538,False,bulbils,bulbils,,,,boisterous,unpredictable,loud,imposing,large,strong
3I7SHAD35OD4L41E9MMF225DVO2M7L,A2NGY0LAM66P0N,https://vignette.wikia.nocookie.net/marveldatabase/images/5/5f/Everett_Ross_%28Earth-616%29_from_Captain_America_Steve_Rogers_Vol_1_9_001.jpg/revision/latest/scale-to-width-down/325?cb=20170128031002,False,enchest,enchest,hard,unemotional,stoic,educated,pretentious,,ugly,unattractive,ginger
3I7SHAD35OD4L41E9MMF225DVO2M7L,AW8JVJQNLTXND,https://vignette.wikia.nocookie.net/marveldatabase/images/5/5f/Everett_Ross_%28Earth-616%29_from_Captain_America_Steve_Rogers_Vol_1_9_001.jpg/revision/latest/scale-to-width-down/325?cb=20170128031002,False,enchest,enchest,fearful,anxious,uncaring,unfriendly,unpleasant,,fit,healthy,mediocre
3IQ9O0AYW8G5NJ8U1AROF5QE3C9TIO,A3IJNWM14T6CN7,https://vignette.wikia.nocookie.net/marveldatabase/images/3/3c/Aarkus_%28Earth-616%29_from_All-New_Invaders_Vol_1_2_002.jpg/revision/latest/scale-to-width-down/338?cb=20161105185220,False,cremant,cremant,vindictive,angry,serious,vindictive,angry,serious,greenish,scary,weird
3IQ9O0AYW8G5NJ8U1AROF5QE3C9TIO,A35PG6HAKKTRV2,https://vignette.wikia.nocookie.net/marveldatabase/images/3/3c/Aarkus_%28Earth-616%29_from_All-New_Invaders_Vol_1_2_002.jpg/revision/latest/scale-to-width-down/338?cb=20161105185220,False,cremant,cremant,impotent,terrifying,nervous,vengeful,menacing,frightening,vindictive,angry,powerful
3IV1AEQ4DTUIKA0CGU1T0A9R2EDJ81,A3S1HOO27HM4Z6,https://vignette.wikia.nocookie.net/marveldatabase/images/6/63/Korg_%28Earth-616%29_00001.jpg/revision/latest/scale-to-width-down/349?cb=20131014191642,True,angioma,angioma,forcible,robust,powerful,strong,forceful,powerful,strong,muscular,mighty
3IVEC1GSLRG09AGRH9SEL0MJO87J1H,A2VCNB4XETPOT2,https://vignette.wikia.nocookie.net/marveldatabase/images/a/a4/Thunderbolts_Vol_3_10_Bagley_Variant_Textless.jpg/revision/latest/scale-to-width-down/329?cb=20161007175826,False,genetic,genetic,,,,,,,muscular,hard,shapely
3IYI9285WUHKWDQPX6HY2W5AS5YJC7,APKO12PP5J5LW,https://vignette.wikia.nocookie.net/marveldatabase/images/5/5b/Maverick_north.jpg/revision/latest/scale-to-width-down/350?cb=20091103125508,False,agentry,agentry,grateful,eager,brave,admirable,irritable,hyperactive,glamorous,stormy,bad
3J06WJ78HP1PMHWJ5CQMVC4T8ZLVV3,A3NTSR7Z32TDOE,https://vignette.wikia.nocookie.net/marveldatabase/images/d/d7/Runaways_Vol_5_3_Textless.jpg/revision/latest/scale-to-width-down/329?cb=20170822175800,False,teguria,teguria,courageous,peaceful,concentrated,quiet,loving,smart,skinny,fit,strong
3J6BHNX0UB9YY1TY4HQOJMZZ6YCNKS,A3S1HOO27HM4Z6,https://vignette.wikia.nocookie.net/marveldatabase/images/0/0b/Candy_Southern_%28Earth-616%29_from_X-Men_Vol_1_132_0001.jpg/revision/latest?cb=20061107130403,False,outdoor,outdoor,,,,sneaky,seductive,,happy,sexy,feminine
3J6BHNX0UB9YY1TY4HQOJMZZ6YCNKS,A7J80T5A0CI0J,https://vignette.wikia.nocookie.net/marveldatabase/images/0/0b/Candy_Southern_%28Earth-616%29_from_X-Men_Vol_1_132_0001.jpg/revision/latest?cb=20061107130403,False,outdoor,outdoor,curious,cautious,,sexy,manipulative,alluring,shapely,smiling,
3J6BHNX0UB9YY1TY4HQOJMZZ6YCNKS,A1OZMT7ZSRH9BC,https://vignette.wikia.nocookie.net/marveldatabase/images/0/0b/Candy_Southern_%28Earth-616%29_from_X-Men_Vol_1_132_0001.jpg/revision/latest?cb=20061107130403,False,outdoor,outdoor,happy,content,carefree,interesting,fun,outgoing,colorful,thin,pretty
3JGHED38EF84FLQSSPAQWXSK4YGY7N,AZVHLSUNF4YRH,https://vignette.wikia.nocookie.net/marveldatabase/images/a/aa/Eternals_Vol_4_3_Textless.jpg/revision/latest/scale-to-width-down/350?cb=20160902175701,False,turfmen,turfmen,,,,courageous,brave,unyielding,tough,female,pretty
3JGHED38EF84FLQSSPAQWXSK4YGY7N,ARA1SVR85THFP,https://vignette.wikia.nocookie.net/marveldatabase/images/a/aa/Eternals_Vol_4_3_Textless.jpg/revision/latest/scale-to-width-down/350?cb=20160902175701,False,turfmen,turfmen,honour,,,strong,fearless,,powerful,,
3JMNNNO3B3LT4FYM7CB7F9QWIAUW26,A3IJNWM14T6CN7,https://vignette.wikia.nocookie.net/marveldatabase/images/f/f7/Barnell_Bohusk_%28Earth-616%29_from_X-Men_Blue_Vol_1_26_001.jpg/revision/latest/scale-to-width-down/350?cb=20180611042721,False,jussory,jussory,happy,calm,kind,kind,serious,helpful,kind,serious,helpful
3JMQI2OLF1MQKVNOC041F949MPFDN5,ARA1SVR85THFP,https://vignette.wikia.nocookie.net/marveldatabase/images/3/39/Delroy_Garrett_Jr._%28Earth-616%29_from_Avengers_World_Vol_1_15_0001.png/revision/latest/scale-to-width-down/297?cb=20141120041434,True,eurasia,eurasia,,,,avenging,heroic,,red,fast,
3JYPJ2TAYKPNL0DXJLCJ7YCPYHWFPE,A3IJNWM14T6CN7,https://vignette.wikia.nocookie.net/marveldatabase/images/4/42/Ultimates_2_Vol_2_8_Textless.jpg/revision/latest/scale-to-width-down/329?cb=20170321170347,False,decades,decades,vengeful,angry,hateful,hateful,angry,serious,vengeful,serious,scary
3K1H3NEY7NGKA362PWR6PPVCLDTDGX,A2VCNB4XETPOT2,https://vignette.wikia.nocookie.net/marveldatabase/images/e/e6/Mesmero_%28Vincent%29_%28Earth-616%29_from_X-Men_Gold_Vol_2_2_002.jpg/revision/latest/scale-to-width-down/249?cb=20170508231527,False,individ,individ,sad,gross,,mean,,,slimy,built,muscular
3K1H3NEY7NGKA362PWR6PPVCLDTDGX,A7G6TFAYTV2FC,https://vignette.wikia.nocookie.net/marveldatabase/images/e/e6/Mesmero_%28Vincent%29_%28Earth-616%29_from_X-Men_Gold_Vol_2_2_002.jpg/revision/latest/scale-to-width-down/249?cb=20170508231527,False,individ,individ,annoyed,,,suave,conceited,arrogant,muscular,ripped,bald
3K2CEDRACDIRJ2YLMPPG7YXVKLTTM4,A35PG6HAKKTRV2,https://vignette.wikia.nocookie.net/marveldatabase/images/f/fd/Blanche_Sitznski_%28Earth-616%29_from_Battle_Scars_Vol_1_3_0001.jpg/revision/latest/scale-to-width-down/240?cb=20120429204606,False,manlike,manlike,fearful,astonishing,respectful,authoritarian,demanding,powerful,female,,
3K2CEDRACDIRJ2YLMPPG7YXVKLTTM4,A3IJNWM14T6CN7,https://vignette.wikia.nocookie.net/marveldatabase/images/f/fd/Blanche_Sitznski_%28Earth-616%29_from_Battle_Scars_Vol_1_3_0001.jpg/revision/latest/scale-to-width-down/240?cb=20120429204606,False,manlike,manlike,fierce,strong,serious,fierce,strong,serious,fierce,strong,serious
3K2CEDRACDIRJ2YLMPPG7YXVKLTTM4,APKO12PP5J5LW,https://vignette.wikia.nocookie.net/marveldatabase/images/f/fd/Blanche_Sitznski_%28Earth-616%29_from_Battle_Scars_Vol_1_3_0001.jpg/revision/latest/scale-to-width-down/240?cb=20120429204606,False,manlike,manlike,worthless,uplifted,obsessive,complex,bold,aggressive,ugly,unfair,unfit
3KG2UQJ0ML5K94RTHMALF8B8544NQK,A35PG6HAKKTRV2,https://vignette.wikia.nocookie.net/marveldatabase/images/a/ac/Ken_Mack_%28Earth-616%29_from_Avengers_Academy_Vol_1_1_001.png/revision/latest/scale-to-width-down/238?cb=20100315201602,False,tamaroa,tamaroa,humorous,curious,nervous,motivated,silly,curious,strong,funny,powerful
3KG2UQJ0ML5K94RTHMALF8B8544NQK,A30OVNUJK38HZT,https://vignette.wikia.nocookie.net/marveldatabase/images/a/ac/Ken_Mack_%28Earth-616%29_from_Avengers_Academy_Vol_1_1_001.png/revision/latest/scale-to-width-down/238?cb=20100315201602,False,tamaroa,tamaroa,,,,savage,insane,crazy,muscular,scary,dark
3KG2UQJ0ML5K94RTHMALF8B8544NQK,A7G6TFAYTV2FC,https://vignette.wikia.nocookie.net/marveldatabase/images/a/ac/Ken_Mack_%28Earth-616%29_from_Avengers_Academy_Vol_1_1_001.png/revision/latest/scale-to-width-down/238?cb=20100315201602,False,tamaroa,tamaroa,sarcastic,confrontational,spiteful,ready,aware,energetic,red,skinless,muscular
3KTZHH2ONKW8LI6XJRELG218688M88,A3DFNUPB6VEJNS,https://vignette.wikia.nocookie.net/marveldatabase/images/6/6c/Lance_Bannon_%28Earth-616%29_from_The_Spectacular_Spider-Man_Vol_1_205_0001.jpg/revision/latest/scale-to-width-down/249?cb=20181121140500,False,bibelot,bibelot,fearful,wary,confused,evil,confused,good,happy,,
3KVQ0UJWPZ2L3CH9PVD5DGT82KLW57,AORSP6LVTLQUF,https://vignette.wikia.nocookie.net/marveldatabase/images/c/cc/Alani_Ryan_%28Earth-616%29_from_Fear_Itself_The_Deep_Vol_1_3_0001.png/revision/latest/scale-to-width-down/192?cb=20161211172829,False,gweducs,gweducs,strong,perky,energetic,aquatic,perky,energetic,brunette,female,
3KVQ0UJWPZ2L3CH9PVD5DGT82KLW57,APKO12PP5J5LW,https://vignette.wikia.nocookie.net/marveldatabase/images/c/cc/Alani_Ryan_%28Earth-616%29_from_Fear_Itself_The_Deep_Vol_1_3_0001.png/revision/latest/scale-to-width-down/192?cb=20161211172829,False,gweducs,gweducs,happy,wonderful,gentle,kind,giving,helpful,wavy,petite,plain
3L2OEKSTWBR8FZVB2U2WAXOFFIMY8A,APKO12PP5J5LW,https://vignette.wikia.nocookie.net/marveldatabase/images/1/1d/Sally_Blevins_%28Earth-616%29_from_Official_Handbook_of_the_Marvel_Universe_A-Z_Vol_1_10.jpg/revision/latest/scale-to-width-down/230?cb=20130926003231,False,umpires,umpires,patient,terrific,perturbed,dependable,trustworthy,,wiry,angry,heavy
3L4YG5VW9P9HYJWBN6QYJ4SF8LDDDN,A1ZJ5V4C6QVEUH,https://vignette.wikia.nocookie.net/marveldatabase/images/f/f7/E.V.A._%28Earth-616%29_from_Astonishing_X-Men_Vol_4_1_001.jpg/revision/latest/scale-to-width-down/350?cb=20171010194201,False,kotowed,kotowed,,,,violent,mean,angry,bladed,round,
3L7SUC0TTWBQ3T1UON16NNVQNAWM0L,A2G6PVTS2DHBJJ,https://vignette.wikia.nocookie.net/marveldatabase/images/c/ca/Fred_Davis%2C_Jr._00.jpg/revision/latest/scale-to-width-down/350?cb=20120614005959,False,matthew,matthew,angry,sad,mad,cranky,ornery,,sloppy,slovenly,
3L7SUC0TTWBQ3T1UON16NNVQNAWM0L,A38R689MVZST8Q,https://vignette.wikia.nocookie.net/marveldatabase/images/c/ca/Fred_Davis%2C_Jr._00.jpg/revision/latest/scale-to-width-down/350?cb=20120614005959,False,matthew,matthew,mean,disgusted,,opinionated,,,,,
3L7SUC0TTWBQ3T1UON16NNVQNAWM0L,APKO12PP5J5LW,https://vignette.wikia.nocookie.net/marveldatabase/images/c/ca/Fred_Davis%2C_Jr._00.jpg/revision/latest/scale-to-width-down/350?cb=20120614005959,False,matthew,matthew,fearful,grateful,careful,honest,inventive,independent,snowy,boring,calming
3LOJFQ4BOZWPCP2LFNCLNHN5SUADK0,A2F0H1QFK7X0N4,https://vignette.wikia.nocookie.net/marveldatabase/images/2/24/Captain_America_Vol_1_605_Textless.jpg/revision/latest/scale-to-width-down/329?cb=20100427000442,False,wonders,wonders,,,,righteous,heroic,determined,fit,strong,masculine
3LOJFQ4BOZWPCP2LFNCLNHN5SUADK0,A30OVNUJK38HZT,https://vignette.wikia.nocookie.net/marveldatabase/images/2/24/Captain_America_Vol_1_605_Textless.jpg/revision/latest/scale-to-width-down/329?cb=20100427000442,True,wonders,wonders,,,,strong,good,powerful,built,patriotic,cool
3LVTFB9DE7ZEZCA7UIXQPO2B4SIQGF,ANL3HGGM35QRY,https://vignette.wikia.nocookie.net/marveldatabase/images/1/19/Sofia_Mantega_%28Earth-616%29_from_New_X-Men_Vol_2_2_0004.png/revision/latest/scale-to-width-down/155?cb=20141105222624,False,passant,passant,positive,bubbly,upbeat,extrovert,confident,,athletic,golden,petite
3M0556243U1NIF1K36ZR397UY2VFNI,A10S5LDYYYB496,https://vignette.wikia.nocookie.net/marveldatabase/images/a/a2/Athena_Parthenos_%28Earth-616%29_from_Incredible_Hercules_Vol_1_127_001.jpg/revision/latest/scale-to-width-down/176?cb=20090701003100,False,byreman,byreman,,,,unavailable,,,white,female,
3MIVREZQVJFJ1Y6QK9I5NGU4B9ZQKI,AHD6Z6F9T75A9,https://vignette.wikia.nocookie.net/marveldatabase/images/f/ff/Quincy_Harker_%28Earth-616%29_from_Vampires_The_Marvel_Undead_Vol_1_1_001.jpg/revision/latest/scale-to-width-down/344?cb=20170108234923,False,lambkin,lambkin,,,,serious,mysterious,determined,forlorn,old,weak
3MQKOF1EE45G7PW241VOBSH0F1JDWW,A3DFNUPB6VEJNS,https://vignette.wikia.nocookie.net/marveldatabase/images/8/8b/Wilbur_Day_%28Earth-616%29.png/revision/latest?cb=20090101075510,False,aganice,aganice,scared,,,strong,smart,commanding,tall,lanky,blue
3MQKOF1EE45G7PW241VOBSH0F1JDWW,AXFTXWW2B0Y5B,https://vignette.wikia.nocookie.net/marveldatabase/images/8/8b/Wilbur_Day_%28Earth-616%29.png/revision/latest?cb=20090101075510,False,aganice,aganice,scary,dreadful,threatening,evil,angry,,tall,shiny,
3MQKOF1EE45G7PW241VOBSH0F1JDWW,APKO12PP5J5LW,https://vignette.wikia.nocookie.net/marveldatabase/images/8/8b/Wilbur_Day_%28Earth-616%29.png/revision/latest?cb=20090101075510,False,aganice,aganice,devoted,supportive,hopeful,sympathetic,diplomatic,impartial,buff,stunning,attractive
3MQKOF1EE45G7PW241VOBSH0F1JWDF,A3DFNUPB6VEJNS,https://vignette.wikia.nocookie.net/marveldatabase/images/2/21/Justin_Hammer_%28Earth-616%29_from_All-New_Iron_Manual_Vol_1_1_0001.jpg/revision/latest/scale-to-width-down/198?cb=20180128114352,False,naucrar,naucrar,spooky,mean,scary,evil,mean,bad,short,old,stocky
3MVY4USGB8448JVFCAMY50US1TVISO,A2NGSSVZ08HZVD,https://vignette.wikia.nocookie.net/marveldatabase/images/3/35/Selene_Gallio_%28Earth-616%29_from_X-Men_Vol_4_11_%28Cover%29.png/revision/latest/scale-to-width-down/324?cb=20140221064328,False,brahmic,brahmic,sexy,sinister,scary,evil,satanic,devout,stylish,shapely,beautiful
3MWOYZD5WX5HOSED29IHQ3G8Q3MNOC,APKO12PP5J5LW,https://vignette.wikia.nocookie.net/marveldatabase/images/d/d3/Nova_Vol_4_20_Villain_Variant_Textless.jpg/revision/latest/scale-to-width-down/333?cb=20170611232922,False,quadrae,quadrae,euphoric,dejected,capable,defiant,clumsy,,steep,dirty,dead
3MYASTQBG9SBNS0GSSWIJ3ZER02DQS,AMD5KDWO4WX8Z,https://vignette.wikia.nocookie.net/marveldatabase/images/d/de/Sinthea_Shmidt_%28Earth-616%29_from_Secret_Empire_Vol_1_6_Villain_Variant_Textless_cover_001.jpg/revision/latest/scale-to-width-down/202?cb=20170625055204,False,pickets,pickets,,,,sassy,confident,bold,sexy,intimidating,powerful
3MYASTQBG9SBNS0GSSWIJ3ZER02DQS,A2IZN6YFSP7YQ9,https://vignette.wikia.nocookie.net/marveldatabase/images/d/de/Sinthea_Shmidt_%28Earth-616%29_from_Secret_Empire_Vol_1_6_Villain_Variant_Textless_cover_001.jpg/revision/latest/scale-to-width-down/202?cb=20170625055204,True,pickets,pickets,strong,,,efficient,fierce,menacing,fierce,determined,powerful
3MYASTQBG9SBNS0GSSWIJ3ZER02QD5,A29V3LDV8VOM0K,https://vignette.wikia.nocookie.net/marveldatabase/images/f/f7/Karima_Shapandar_%28Earth-616%29_020.jpg/revision/latest/scale-to-width-down/280?cb=20131121024941,False,terries,terries,,,,serious,brave,determined,strong,female,attractive
3MZ3TAMYTN4S74V2XLMTFQPWFRCIR0,A3BVSTEODKSODS,https://vignette.wikia.nocookie.net/marveldatabase/images/7/72/Denis_Nayland_Smith_%28Earth-616%29_from_Master_of_Kung_Fu_Vol_1_116_0001.jpg/revision/latest?cb=20070312233203,False,impship,impship,,,,serious,wise,reflective,elderly,bald,thin
3N2YPY1GI8F8K6AXAM1CV8G784IVEX,A3EA602N6JSZ5W,https://vignette.wikia.nocookie.net/marveldatabase/images/a/a3/Weapon_X_Vol_2_5_Textless.jpg/revision/latest/scale-to-width-down/333?cb=20120128044732,False,sirrees,sirrees,,,,intelligent,funny,,neat,strong,attractive
3NFWQRSHVGVH8NKYG2MWDPYXXQ9GFB,A3IJNWM14T6CN7,https://vignette.wikia.nocookie.net/marveldatabase/images/6/63/Runaways_Vol_5_14_Textless.jpg/revision/latest/scale-to-width-down/329?cb=20180724223001,False,acushla,acushla,happy,welcoming,calm,happy,welcoming,kind,happy,welcoming,kind
3NKW03WTLOOAWY079N18BROZYG8QWE,A2VCNB4XETPOT2,https://vignette.wikia.nocookie.net/marveldatabase/images/8/89/Blastaar_%28Earth-616%29_001.jpg/revision/latest/scale-to-width-down/323?cb=20090506214850,False,emerged,emerged,evil,,,mean,,,muscular,hard,wet
3NKW03WTLOOAWY079N18BROZYG8QWE,APKO12PP5J5LW,https://vignette.wikia.nocookie.net/marveldatabase/images/8/89/Blastaar_%28Earth-616%29_001.jpg/revision/latest/scale-to-width-down/323?cb=20090506214850,False,emerged,emerged,dirty,awful,dumb,efficient,practical,,paunchy,large,
3O2Y2UIUCSBMA9GH6T7BBHQQ47QFKD,APKO12PP5J5LW,https://vignette.wikia.nocookie.net/marveldatabase/images/7/75/Duvid_Fortunov_%28Earth-616%29_from_S.H.I.E.L.D._Vol_3_11_001.jpg/revision/latest/scale-to-width-down/350?cb=20151023044441,False,drained,drained,unethical,zealous,zany,courageous,fearless,,stylish,tiny,old
3O4VWC1GEYNWJDU64D6X9T1GMSLJ39,A2N4XFRCBWHT3V,https://vignette.wikia.nocookie.net/marveldatabase/images/5/58/Edward_Whelan_%28Earth-616%29_from_New_Avengers_Vol_4_14_001.png/revision/latest/scale-to-width-down/350?cb=20160728011937,False,unified,unified,bloodthirsty,wronged,infuriated,evil,devilish,destructive,fit,terrifying,powerful
3O71U79SRD6Q42L6XPKQXT19I2FSME,A2CUFLOIO8ZAW4,https://vignette.wikia.nocookie.net/marveldatabase/images/a/ac/Connors_jr_spec239_18.jpg/revision/latest/scale-to-width-down/350?cb=20110118074236,True,coadapt,coadapt,worried,scared,afraid,honest,scared,,human,innocent,
3OEWW2KGQLS82GN0DF4EUY4ECZKODV,APKO12PP5J5LW,https://vignette.wikia.nocookie.net/marveldatabase/images/6/6d/Michael_Steel_%28Earth-616%29_from_Marvel_War_of_Heroes_001.jpg/revision/latest/scale-to-width-down/347?cb=20140305013041,False,longear,longear,flustered,dismissive,bold,brave,bold,noisy,tall,large,skeptical
3OEWW2KGQLS82GN0DF4EUY4ECZKODV,A35PG6HAKKTRV2,https://vignette.wikia.nocookie.net/marveldatabase/images/6/6d/Michael_Steel_%28Earth-616%29_from_Marvel_War_of_Heroes_001.jpg/revision/latest/scale-to-width-down/347?cb=20140305013041,False,longear,longear,fearful,powerless,cowardly,blunt,angry,forceful,brute,cold,powerful
3OID399FXIOEW3A7ECLO74V0KYTDFY,A2IZN6YFSP7YQ9,https://vignette.wikia.nocookie.net/marveldatabase/images/9/99/Philippa_Sontag_%28Earth-616%29_from_X-Men_Battle_of_the_Atom_Mobile_Card_Game.jpg/revision/latest/scale-to-width-down/350?cb=20141103231721,False,redwood,redwood,primal,vehement,raw,courageous,aggressive,ambitious,fierce,strong,powerful
3OID399FXIOEW3A7ECLO74V0KYTDFY,A110SRJXQW7KMQ,https://vignette.wikia.nocookie.net/marveldatabase/images/9/99/Philippa_Sontag_%28Earth-616%29_from_X-Men_Battle_of_the_Atom_Mobile_Card_Game.jpg/revision/latest/scale-to-width-down/350?cb=20141103231721,False,redwood,redwood,impressed,scared,nervous,sassy,sharp,intense,tough,strong,female
3OPLMF3EU749I7BGPH2PYMCEVYHNLV,A7G6TFAYTV2FC,https://vignette.wikia.nocookie.net/marveldatabase/images/1/1f/Avengers_Academy_Vol_1_5_Textless.jpg/revision/latest/scale-to-width-down/329?cb=20100801031704,False,couvert,couvert,agitated,angry,mad,greedy,shocking,powerful,evil,strong,electric
3P4ZBJFX2XKD59AYV7QEZSKLREZFW9,APKO12PP5J5LW,https://vignette.wikia.nocookie.net/marveldatabase/images/1/17/Chase_Stein_%28Earth-616%29_from_Runaways_Vol_5_1_Lim_Variant_cover.jpg/revision/latest/scale-to-width-down/338?cb=20171109190616,False,boronic,boronic,dazzled,enthusiastic,,strong,inventive,,sharp,scary,gleaming
3P4ZBJFX2XKD59AYV7QEZSKLREZFW9,AZVHLSUNF4YRH,https://vignette.wikia.nocookie.net/marveldatabase/images/1/17/Chase_Stein_%28Earth-616%29_from_Runaways_Vol_5_1_Lim_Variant_cover.jpg/revision/latest/scale-to-width-down/338?cb=20171109190616,False,boronic,boronic,silly,funny,humorous,sly,witty,smarmy,urban,adventurous,fun
3P888QFVX5B2RPR5I1AYUXBDVE9QO2,A3K3I4WJ3RD51I,https://vignette.wikia.nocookie.net/marveldatabase/images/e/e6/Mr._negative_wosm-34.jpg/revision/latest/scale-to-width-down/350?cb=20101216030737,False,merlons,merlons,,,,conniving,sinister,narcissistic,sharp,clean,modern
3P888QFVX5B2RPR5I1AYUXBDVE9QO2,A2WSCI9DQBH855,https://vignette.wikia.nocookie.net/marveldatabase/images/e/e6/Mr._negative_wosm-34.jpg/revision/latest/scale-to-width-down/350?cb=20101216030737,False,merlons,merlons,sad,dingy,,intelligent,bad,respectful,evil,slow,old
3PCPFX4U4278LCECJYR8732Z3DIFQ5,A2VCNB4XETPOT2,https://vignette.wikia.nocookie.net/marveldatabase/images/8/88/Ann_Darnell_%28Earth-616%29_from_Venom_Vol_2_30.jpg/revision/latest?cb=20130112161913,False,episome,episome,,,,evil,ugly,,bulging,muscular,
3PKJ68EHDPDBDL15JYVZDN2Q5X3JHG,APKO12PP5J5LW,https://vignette.wikia.nocookie.net/marveldatabase/images/1/1a/Tyr_Odinson_%28Earth-616%29_Journey_into_Mystery_Vol_1_615.png/revision/latest/scale-to-width-down/331?cb=20110714082903,False,parring,parring,obstinate,needy,miserable,brave,arrogant,articulate,tall,large,ugly
3PUV2Q8SV6LOJMYR9AZSOE4F501DBG,A3DFNUPB6VEJNS,https://vignette.wikia.nocookie.net/marveldatabase/images/9/9d/Kevin_Masterson_%28Earth-616%29_0001.jpg/revision/latest/scale-to-width-down/346?cb=20110430003445,False,boiloff,boiloff,happy,playful,eager,kind,good,,muscular,quick,blonde
3Q7TKIAPOVR0WVK30NOM2H0KHUFLDB,APKO12PP5J5LW,https://vignette.wikia.nocookie.net/marveldatabase/images/2/26/Black_Panther_Vol_6_14_Textless.jpg/revision/latest/scale-to-width-down/329?cb=20170222045908,False,bracted,bracted,hysterical,hopeless,judgmental,defiant,clever,conceited,tall,fit,hard
3QGHA0EA0LHNSSYIQ54IG2T0CG7WB8,A3DFNUPB6VEJNS,https://vignette.wikia.nocookie.net/marveldatabase/images/5/51/Gorilla_Man_Vol_1_3_Textless.jpg/revision/latest/scale-to-width-down/329?cb=20160613011321,False,cecrops,cecrops,anxious,,,vengeful,mean,,hairy,angry,scary
3QGHA0EA0LHNSSYIQ54IG2T0CG7WB8,APKO12PP5J5LW,https://vignette.wikia.nocookie.net/marveldatabase/images/5/51/Gorilla_Man_Vol_1_3_Textless.jpg/revision/latest/scale-to-width-down/329?cb=20160613011321,False,cecrops,cecrops,cranky,aggressive,charitable,rude,noisy,outgoing,ugly,dangerous,disorganized
3QGHA0EA0LHNSSYIQ54IG2T0CG7WB8,ARA1SVR85THFP,https://vignette.wikia.nocookie.net/marveldatabase/images/5/51/Gorilla_Man_Vol_1_3_Textless.jpg/revision/latest/scale-to-width-down/329?cb=20160613011321,False,cecrops,cecrops,,,,angry,,,,,
3QMELQS6Y7SCEK01VKD4INZR60HR6F,ARA1SVR85THFP,https://vignette.wikia.nocookie.net/marveldatabase/images/0/01/Esteban_Coraz%C3%B3n_de_Ablo_%28Earth-616%29_from_Iron_Man_Thor_Vol_1_4_001.jpg/revision/latest/scale-to-width-down/329?cb=20110324074302,False,rustier,rustier,scary,,,hateful,sinister,powerful,strong,calamitous,
3QO7EE372Q4I8V2WEW5CODBEOFQQBY,A1MXW5CZIN62BU,https://vignette.wikia.nocookie.net/marveldatabase/images/1/1b/Vertigo_%28Savage_Land_Mutate%29_%28Earth-616%29_from_X-Men_Battle_of_the_Atom_%28video_game%29_002.jpg/revision/latest/scale-to-width-down/350?cb=20171022212834,False,glashan,glashan,quirky,innocent,,irresistible,curious,mysterious,strong,thin,curvy
3QO7EE372Q4I8V2WEW5CODBEOFQQBY,A1NF6PELRKACS9,https://vignette.wikia.nocookie.net/marveldatabase/images/1/1b/Vertigo_%28Savage_Land_Mutate%29_%28Earth-616%29_from_X-Men_Battle_of_the_Atom_%28video_game%29_002.jpg/revision/latest/scale-to-width-down/350?cb=20171022212834,False,glashan,glashan,confident,amusing,attractive,charming,sensual,smart,sexy,strong,athletic
3QTFNPMJC8ZTNWSK4ITY61NCA7PNZE,A3ILNJMBARBMU,https://vignette.wikia.nocookie.net/marveldatabase/images/8/80/Cyclone_%28Horse%29_%28Earth-616%29.jpg/revision/latest/scale-to-width-down/350?cb=20120608235331,False,galways,galways,,,,untamed,strong,wild,equine,large,white
3QTFNPMJC8ZTNWSK4ITY61NCA7PNZE,A2CUFLOIO8ZAW4,https://vignette.wikia.nocookie.net/marveldatabase/images/8/80/Cyclone_%28Horse%29_%28Earth-616%29.jpg/revision/latest/scale-to-width-down/350?cb=20120608235331,False,galways,galways,intense,loyal,fighting,majestic,focused,intense,equine,animal,
3R0WOCG21OQ3FL7X91GNT4W3UL8DUX,A3IJNWM14T6CN7,https://vignette.wikia.nocookie.net/marveldatabase/images/7/72/Dai_Thomas_%28Earth-616%29_from_Revolutionary_War_Knights_of_Pendragon_Vol_1_1_001.jpg/revision/latest/scale-to-width-down/350?cb=20170121085525,False,tangile,tangile,hurt,tired,scared,hurt,scared,serious,hurt,scared,injured
3R0WOCG21OQ3FL7X91GNT4W3UL8DUX,APKO12PP5J5LW,https://vignette.wikia.nocookie.net/marveldatabase/images/7/72/Dai_Thomas_%28Earth-616%29_from_Revolutionary_War_Knights_of_Pendragon_Vol_1_1_001.jpg/revision/latest/scale-to-width-down/350?cb=20170121085525,False,tangile,tangile,jubilant,ignorant,jumpy,intuitive,impartial,exuberant,alive,rusty,bad
3R15W654VFAUL4O859U62G7J094LQG,A3DFNUPB6VEJNS,https://vignette.wikia.nocookie.net/marveldatabase/images/e/e4/Alexander_Pierce_%28Earth-616%29_from_Official_Handbook_of_the_Marvel_Universe_Vol_3_5_0001.jpg/revision/latest?cb=20050616052342,False,jurists,jurists,happy,safe,peaceful,nice,good,,tall,strong,lean
3R15W654VFAUL4O859U62G7J094QLL,A3TMU2RBQ3Y7F6,https://vignette.wikia.nocookie.net/marveldatabase/images/1/1b/Laurie_Tromette_%28Earth-616%29_from_Generation_Hope_Vol_1_11_002.jpg/revision/latest/scale-to-width-down/306?cb=20170611001804,False,tubbist,tubbist,,,,strong,sensual,afraid,female,blue,
3RBI0I35XGKME2P5QD70JGG4ZWUY3I,A1OZMT7ZSRH9BC,https://vignette.wikia.nocookie.net/marveldatabase/images/6/6e/Shang-Chi_Master_of_Kung_Fu_Vol_1_3_Textless.jpg/revision/latest/scale-to-width-down/330?cb=20120614064351,False,ketubah,ketubah,excited,serious,determined,strong,fast,athletic,sexy,muscular,sleek
3RBI0I35XGKME2P5QD70JGG4ZWUY3I,A3IJNWM14T6CN7,https://vignette.wikia.nocookie.net/marveldatabase/images/6/6e/Shang-Chi_Master_of_Kung_Fu_Vol_1_3_Textless.jpg/revision/latest/scale-to-width-down/330?cb=20120614064351,False,ketubah,ketubah,fierce,strong,serious,fierce,strong,serious,fierce,strong,serious
3RSBJ6YZEE75001W4LZ4IY7ZOC0FOX,A3IJNWM14T6CN7,https://vignette.wikia.nocookie.net/marveldatabase/images/f/ff/Dimitri_Bukharin_%28Earth-616%29_from_Avengers_Vol_8_10_002.jpg/revision/latest/scale-to-width-down/350?cb=20190201235301,False,comarum,comarum,fierce,strong,helpful,fierce,strong,helpful,fierce,strong,
3RTFSSG7TANZ51KUHITCU5P5OALLWK,A3IJNWM14T6CN7,https://vignette.wikia.nocookie.net/marveldatabase/images/a/ac/Raza_Longknife_%28Earth-616%29_from_X-Men_Blue_Vol_1_22_001.jpg/revision/latest/scale-to-width-down/257?cb=20180616234412,False,meloids,meloids,serious,calm,kind,kind,serious,helpful,helpful,serious,scary
3RTFSSG7TANZ51KUHITCU5P5OALLWK,A2VCNB4XETPOT2,https://vignette.wikia.nocookie.net/marveldatabase/images/a/ac/Raza_Longknife_%28Earth-616%29_from_X-Men_Blue_Vol_1_22_001.jpg/revision/latest/scale-to-width-down/257?cb=20180616234412,False,meloids,meloids,,,,evil,mean,,tight,strong,muscular
3RTFSSG7TANZ51KUHITCU5P5OALLWK,A35PG6HAKKTRV2,https://vignette.wikia.nocookie.net/marveldatabase/images/a/ac/Raza_Longknife_%28Earth-616%29_from_X-Men_Blue_Vol_1_22_001.jpg/revision/latest/scale-to-width-down/257?cb=20180616234412,False,meloids,meloids,attentive,frightened,anxious,demanding,angry,powerful,menacing,threatening,powerful
3S37Y8CWIAH37TD9BQUV8ONU2OQW42,A3BVSTEODKSODS,https://vignette.wikia.nocookie.net/marveldatabase/images/f/f0/Donald_Gill_%28Earth-616%29_from_Infinity_Heist_Vol_1_3_001.jpg/revision/latest/scale-to-width-down/265?cb=20131129024250,False,harshen,harshen,dread,,,intent,fierce,powerful,strong,muscular,bald
3S4TINXCC24FNJPGZJD8Z8GE9E8OBO,AWLVXTQ4SO4C8,https://vignette.wikia.nocookie.net/marveldatabase/images/5/5b/Astonishing_X-Men_Vol_4_1_Villain_Variant_Textless.jpg/revision/latest/scale-to-width-down/329?cb=20170711200356,False,smicket,smicket,obnoxious,angry,rebellious,evil,wicked,manipulative,dark,creepy,colorful
3SBNLSTU6WMK1K17FOFVAWBIW3NDZM,A3TMU2RBQ3Y7F6,https://vignette.wikia.nocookie.net/marveldatabase/images/0/0c/Tanya_Sealy_%28Earth-616%29_from_Deadpool_Corps_Rank_and_Foul_Vol_1_1_001.png/revision/latest/scale-to-width-down/212?cb=20170506084125,False,bonally,bonally,jealous,annoyed,,smooth,bitchy,,tall,muscular,busty
3SBNLSTU6WMK1K17FOFVAWBIW3NDZM,A3DFNUPB6VEJNS,https://vignette.wikia.nocookie.net/marveldatabase/images/0/0c/Tanya_Sealy_%28Earth-616%29_from_Deadpool_Corps_Rank_and_Foul_Vol_1_1_001.png/revision/latest/scale-to-width-down/212?cb=20170506084125,False,bonally,bonally,happy,pleased,relieved,happy,strong,,tall,brunette,pretty
3SR6AEG6W7A18AW45YW2NAHEI1CYHP,AZVHLSUNF4YRH,https://vignette.wikia.nocookie.net/marveldatabase/images/b/b3/Silvio_Manfredi_%28Earth-616%29_from_Official_Handbook_of_the_Marvel_Universe_Vol_2_12_001.jpg/revision/latest/scale-to-width-down/271?cb=20171112030408,False,citrins,citrins,spooky,eerie,futuristic,calculating,scary,cool,villainous,cold,callous
3T2EL38U0O1PLY5XJSXUDA267IEQX7,AOGNIEJWXIERU,https://vignette.wikia.nocookie.net/marveldatabase/images/3/31/Gaea_%28Earth-616%29_from_Journey_Into_Mystery_Vol_1_655_001.jpg/revision/latest/scale-to-width-down/199?cb=20161218005709,False,wickyup,wickyup,happy,peaceful,determined,passionate,strong,friendly,tall,beautiful,
3T2EL38U0O1PLY5XJSXUDA267IEQX7,A3IJNWM14T6CN7,https://vignette.wikia.nocookie.net/marveldatabase/images/3/31/Gaea_%28Earth-616%29_from_Journey_Into_Mystery_Vol_1_655_001.jpg/revision/latest/scale-to-width-down/199?cb=20161218005709,False,wickyup,wickyup,happy,helpful,kind,happy,helpful,kind,happy,kind,pretty
3T5ZXGO9DG5EQT5CKALFAVIHFICQZ4,A3UNY9FSBWUFRX,https://vignette.wikia.nocookie.net/marveldatabase/images/8/85/Peter_Parker_and_Nathan_Lubensky_%28Earth-616%29_from_Amazing_Spider-Man_Vol_1_254_002.png/revision/latest/scale-to-width-down/350?cb=20131016204459,False,turning,turning,patient,explosive,,watchful,silent,,sneaky,strong,agile
3T8DUCXY0PNCCIFRXGLB2CRBKMMT95,AWLVXTQ4SO4C8,https://vignette.wikia.nocookie.net/marveldatabase/images/a/a1/Ulik_%28Earth-616%29_from_Official_Handbook_of_the_Marvel_Universe_Vol_1_11_001.jpg/revision/latest/scale-to-width-down/350?cb=20170414053123,False,packwax,packwax,confrontational,angry,disgruntled,,,,big,strong,muscular
3T8DUCXY0PNCCIFRXGLB2CRBKMMT95,A3IJNWM14T6CN7,https://vignette.wikia.nocookie.net/marveldatabase/images/a/a1/Ulik_%28Earth-616%29_from_Official_Handbook_of_the_Marvel_Universe_Vol_1_11_001.jpg/revision/latest/scale-to-width-down/350?cb=20170414053123,False,packwax,packwax,angry,serious,calm,angry,serious,calm,hairy,angry,calm
3TL87MO8CO6XUFYZRTJCQH35T7VFLG,AXFTXWW2B0Y5B,https://vignette.wikia.nocookie.net/marveldatabase/images/7/7b/4_Vol_1_11_Textless.jpg/revision/latest/scale-to-width-down/331?cb=20180610201853,False,roister,roister,dangerous,terrifying,powerful,irate,angry,mad,massive,strong,green
3TL87MO8CO6XUFYZRTJCQH35T7VFLG,APKO12PP5J5LW,https://vignette.wikia.nocookie.net/marveldatabase/images/7/7b/4_Vol_1_11_Textless.jpg/revision/latest/scale-to-width-down/331?cb=20180610201853,False,roister,roister,pensive,troubled,rational,clever,imaginative,dark,tall,large,rusty
3TL87MO8CO6XUFYZRTJCQH35T7VLFM,A2VCNB4XETPOT2,https://vignette.wikia.nocookie.net/marveldatabase/images/a/a9/Hector_Ayala_%28Earth-616%29_from_Deadly_Hands_of_Kung_Fu_Vol_1_22_%28Cover%29.png/revision/latest/scale-to-width-down/197?cb=20130321180527,False,cueball,cueball,,,,upsetting,,,muscular,wet,
3TL87MO8CO6XUFYZRTJCQH35T7VLFM,A2WSCI9DQBH855,https://vignette.wikia.nocookie.net/marveldatabase/images/a/a9/Hector_Ayala_%28Earth-616%29_from_Deadly_Hands_of_Kung_Fu_Vol_1_22_%28Cover%29.png/revision/latest/scale-to-width-down/197?cb=20130321180527,False,cueball,cueball,terrifying,,,evil,merciless,cruel,tall,strong,fast
3TLFH2L6YB51CYUSC76WSPJXEGCT2D,ARA1SVR85THFP,https://vignette.wikia.nocookie.net/marveldatabase/images/6/66/Spider-Verse_Vol_2_3_Noto_Variant_Textless.jpg/revision/latest/scale-to-width-down/329?cb=20151010001039,True,dungier,dungier,awed,safe,,courageous,,,female,agile,
3TRB893CSLR4TU5SYJOKPXLGZ2QG77,A2IZN6YFSP7YQ9,https://vignette.wikia.nocookie.net/marveldatabase/images/8/89/Kathryn_Cushing_%28Earth-616%29.jpg/revision/latest/scale-to-width-down/207?cb=20070823193602,True,megapod,megapod,concerned,thoughtful,,confident,brave,determined,efficient,boss,classy
3TRB893CSLR4TU5SYJOKPXLGZ2QG77,A35PG6HAKKTRV2,https://vignette.wikia.nocookie.net/marveldatabase/images/8/89/Kathryn_Cushing_%28Earth-616%29.jpg/revision/latest/scale-to-width-down/207?cb=20070823193602,False,megapod,megapod,curious,thoughtful,respectful,intelligent,interested,powerful,competent,confident,smart
3TUOHPJXYJEU5V1JV1W05ZKSVJVXWI,A20B3S12QLNTQJ,https://vignette.wikia.nocookie.net/marveldatabase/images/6/62/Hera_Argeia_%28Earth-616%29_from_Herc_Vol_1_9_001.png/revision/latest/scale-to-width-down/350?cb=20131030210410,False,itemise,itemise,trustworthy,zealous,brave,courageous,adventurous,affectionate,gorgeous,well-built,curvy
3U74KRR67O2X1KJLYQ4GKDMVPB3TN4,A2CUFLOIO8ZAW4,https://vignette.wikia.nocookie.net/marveldatabase/images/a/a7/Jerome_Beechman_%28Earth-616%29_from_Spider-Man_Breakout_Vol_1_2_001.jpg/revision/latest/scale-to-width-down/323?cb=20091022155135,True,lunette,lunette,angry,unfocused,intense,sexist,intense,,humanoid,,
3UDTAB6HH8GBW9I0ZEX1I1P6NBQ091,A3DFNUPB6VEJNS,https://vignette.wikia.nocookie.net/marveldatabase/images/3/37/Jennifer_Kale_%28Earth-616%29_from_Thunderbolts_Vol_1_154_001.png/revision/latest/scale-to-width-down/234?cb=20110407072116,False,figging,figging,anxious,nervous,,evil,super,,tall,muscular,blonde
3UQ1LLR26CP2YOHRGDXKCGSEWRILA9,A2VCNB4XETPOT2,https://vignette.wikia.nocookie.net/marveldatabase/images/d/db/Debra_Whitman_%28Earth-616%29_from_Official_Handbook_of_the_Marvel_Universe_Spider-Man_Back_in_Black_Vol_1_1_0001.jpg/revision/latest?cb=20070419102938,False,tarries,tarries,caring,funny,,sweet,concerned,,lean,delicate,soft
3UQ1LLR26CP2YOHRGDXKCGSEWRILA9,APKO12PP5J5LW,https://vignette.wikia.nocookie.net/marveldatabase/images/d/db/Debra_Whitman_%28Earth-616%29_from_Official_Handbook_of_the_Marvel_Universe_Spider-Man_Back_in_Black_Vol_1_1_0001.jpg/revision/latest?cb=20070419102938,False,tarries,tarries,euphoric,debilitated,,practical,persistent,philosophical,steep,musky,terrifying
3UQ1LLR26CP2YOHRGDXKCGSEWRILA9,A3ILNJMBARBMU,https://vignette.wikia.nocookie.net/marveldatabase/images/d/db/Debra_Whitman_%28Earth-616%29_from_Official_Handbook_of_the_Marvel_Universe_Spider-Man_Back_in_Black_Vol_1_1_0001.jpg/revision/latest?cb=20070419102938,False,tarries,tarries,,,,quiet,serious,prim,modest,demure,mousy
3UUIU9GZC7MTBVDFUQ8UQWM9YQ3T5E,A3J3IXX1UONTRO,https://vignette.wikia.nocookie.net/marveldatabase/images/9/9c/Andreas_von_Strucker_%28Earth-616%29_from_Black_Panther_Vol_6_6_001.jpg/revision/latest/scale-to-width-down/220?cb=20160916015300,False,manuary,manuary,,,,honest,serious,,,,
3UUIU9GZC7MTBVDFUQ8UQWM9YQ3T5E,APKO12PP5J5LW,https://vignette.wikia.nocookie.net/marveldatabase/images/9/9c/Andreas_von_Strucker_%28Earth-616%29_from_Black_Panther_Vol_6_6_001.jpg/revision/latest/scale-to-width-down/220?cb=20160916015300,False,manuary,manuary,warm,clever,hopeful,dependable,reliable,trustworthy,plump,podgy,chubby
3V8JSVE8Y07PO052FXOW27K1QLKYE9,A3IJNWM14T6CN7,https://vignette.wikia.nocookie.net/marveldatabase/images/6/61/Hannibal_King_%28Earth-616%29_from_Vampires_The_Marvel_Undead_Vol_1_1_0001.png/revision/latest/scale-to-width-down/211?cb=20170409170439,False,halibiu,halibiu,strong,angry,scary,strong,scary,dangerous,ugly,scary,strange
3VDI8GSXAHA8T8AB8OGQ3XHBAMWG8U,A3IJNWM14T6CN7,https://vignette.wikia.nocookie.net/marveldatabase/images/2/27/Boris_Bullski_%28Earth-616%29_from_Invincible_Iron_Man_Vol_1_522.jpg/revision/latest?cb=20121216033050,False,geneses,geneses,friendly,angry,,kind,serious,helpful,broad,serious,scary
3VDI8GSXAHA8T8AB8OGQ3XHBAMWG8U,A35PG6HAKKTRV2,https://vignette.wikia.nocookie.net/marveldatabase/images/2/27/Boris_Bullski_%28Earth-616%29_from_Invincible_Iron_Man_Vol_1_522.jpg/revision/latest?cb=20121216033050,False,geneses,geneses,fearful,prepared,resolved,confident,angry,determined,focused,driven,powerful
3VDI8GSXAHA8T8AB8OGQ3XHBAMWG8U,A3DFNUPB6VEJNS,https://vignette.wikia.nocookie.net/marveldatabase/images/2/27/Boris_Bullski_%28Earth-616%29_from_Invincible_Iron_Man_Vol_1_522.jpg/revision/latest?cb=20121216033050,False,geneses,geneses,wary,safe,curious,strong,stealthy,commanding,huge,green,
3VGZ74AYTIXA5B0OP0WV5JDU0DHGC0,AHD6Z6F9T75A9,https://vignette.wikia.nocookie.net/marveldatabase/images/d/d8/Lila_Cheney_%28Earth-616%29_from_Official_Handbook_of_the_Marvel_Universe_A-Z_Vol_1_2.jpg/revision/latest/scale-to-width-down/283?cb=20130727163027,False,budding,budding,,,,powerful,ambitious,determined,fit,strong,agile
3VGZ74AYTIXA5B0OP0WV5JDU0DHGC0,APKO12PP5J5LW,https://vignette.wikia.nocookie.net/marveldatabase/images/d/d8/Lila_Cheney_%28Earth-616%29_from_Official_Handbook_of_the_Marvel_Universe_A-Z_Vol_1_2.jpg/revision/latest/scale-to-width-down/283?cb=20130727163027,False,budding,budding,foolish,brave,,clever,energetic,athletic,dirty,bad,carved
3VGZ74AYTIXA5B0OP0WV5JDU0DHGC0,AOGNIEJWXIERU,https://vignette.wikia.nocookie.net/marveldatabase/images/d/d8/Lila_Cheney_%28Earth-616%29_from_Official_Handbook_of_the_Marvel_Universe_A-Z_Vol_1_2.jpg/revision/latest/scale-to-width-down/283?cb=20130727163027,False,budding,budding,exuberant,energetic,,healthy,thoughtful,determined,glamorous,ablaze,magnificent
3VP28W7DUP1HZ4F36UALYWE38G3FZZ,A3TMU2RBQ3Y7F6,https://vignette.wikia.nocookie.net/marveldatabase/images/1/19/Skaar_%28Earth-616%29_from_Hulk_Vol_3_7.jpg/revision/latest/scale-to-width-down/210?cb=20141018201249,False,serving,serving,,,,brooding,moody,,caucasian,dark,
3VP28W7DUP1HZ4F36UALYWE38G3FZZ,A3IJNWM14T6CN7,https://vignette.wikia.nocookie.net/marveldatabase/images/1/19/Skaar_%28Earth-616%29_from_Hulk_Vol_3_7.jpg/revision/latest/scale-to-width-down/210?cb=20141018201249,False,serving,serving,anxious,serious,lonely,lonely,anxious,serious,lonely,sketchy,serious
3W9XHF7WGMCWTEYI1DC0SL5RVGYTKZ,A2WSCI9DQBH855,https://vignette.wikia.nocookie.net/marveldatabase/images/9/91/Cameron_Hodge_%28Earth-616%29_from_New_Mutants_Vol_3_12_002.jpg/revision/latest/scale-to-width-down/280?cb=20170715231623,False,quitely,quitely,lucky,angry,dangerous,loyal,furious,resistant,strong,iron,
3WPCIUYH1CPOF8S89WQDO8A1B71DT6,A2QAS9E29H1UCP,https://vignette.wikia.nocookie.net/marveldatabase/images/1/18/CaptainAmericaComcis18.jpg/revision/latest?cb=20071210011139,False,adonean,adonean,grumpy,plain,aggressive,weird,strange,dumb,tough,old,brutish
3WPCIUYH1CPOF8S89WQDO8A1B71DT6,A3DFNUPB6VEJNS,https://vignette.wikia.nocookie.net/marveldatabase/images/1/18/CaptainAmericaComcis18.jpg/revision/latest?cb=20071210011139,False,adonean,adonean,sneaky,scary,nervous,evil,strong,,short,fat,crazy
3WPCIUYH1CPOF8S89WQDO8A1B71DT6,A35PG6HAKKTRV2,https://vignette.wikia.nocookie.net/marveldatabase/images/1/18/CaptainAmericaComcis18.jpg/revision/latest?cb=20071210011139,False,adonean,adonean,,,,short-tempered,gruff,commanding,bulldog,military,
3WRKFXQBODO1457OBGENNMITIERYII,A2VCNB4XETPOT2,https://vignette.wikia.nocookie.net/marveldatabase/images/b/b6/Aloysius_Kare_%28Earth-616%29_from_Apache_Skies_Vol_1_1_0001.jpg/revision/latest/scale-to-width-down/285?cb=20090906034416,False,necking,necking,,,,,,,strong,hard,sweaty
3X4Q1O9UBJ3SL7MQM21SU6UIQOHO72,A29V3LDV8VOM0K,https://vignette.wikia.nocookie.net/marveldatabase/images/d/de/Oracle_%28Sybil%29_%28Earth-616%29_from_Mighty_Thor_Vol_2_17_001.jpg/revision/latest/scale-to-width-down/350?cb=20170318174331,False,rearose,rearose,,,,vengeful,cold,,supernatural,strange,powerful
3X7837UUAFFVGWHONF4VGWD0WJNJ6F,A7J80T5A0CI0J,https://vignette.wikia.nocookie.net/marveldatabase/images/3/3b/Maximillian_Coleridge_%28Earth-616%29_from_Daredevil_Vol_4_2_002.jpg/revision/latest/scale-to-width-down/350?cb=20180706204149,False,herbier,herbier,fearful,antagonistic,angry,fierce,angry,unrelenting,sharp-nosed,hooded,
3X7837UUAFFVGWHONF4VGWD0WJNJ6F,APKO12PP5J5LW,https://vignette.wikia.nocookie.net/marveldatabase/images/3/3b/Maximillian_Coleridge_%28Earth-616%29_from_Daredevil_Vol_4_2_002.jpg/revision/latest/scale-to-width-down/350?cb=20180706204149,False,herbier,herbier,evil,ugly,nervous,resourceful,bright,,bald,attractive,beautiful
3XBXDSS88A0EU1PKRNPYWO3CXCRLXD,APKO12PP5J5LW,https://vignette.wikia.nocookie.net/marveldatabase/images/e/e1/Marvel_Universe_Deluxe_Handbook_Rom_spaceknight_flat_copy.jpg/revision/latest?cb=20121016033138,False,ulonata,ulonata,volatile,stubborn,tiresome,boastful,bold,disagreeable,violent,alert,stormy
3XDSWAMB2491I0U2SW17ZXHW60QQC5,A3EA602N6JSZ5W,https://vignette.wikia.nocookie.net/marveldatabase/images/1/1d/Molecule_Man_%28Earth-616%29_from_New_Avengers_Vol_3_24.jpg/revision/latest/scale-to-width-down/342?cb=20140930030026,False,regrind,regrind,responsible,caring,,reasonable,objective,,smooth,strong,futuristic
3XDSWAMB2491I0U2SW17ZXHW60QQC5,A2IZN6YFSP7YQ9,https://vignette.wikia.nocookie.net/marveldatabase/images/1/1d/Molecule_Man_%28Earth-616%29_from_New_Avengers_Vol_3_24.jpg/revision/latest/scale-to-width-down/342?cb=20140930030026,False,regrind,regrind,pensive,,,intimidating,mean,fierce,strong,crafty,vicious
3XEIP58NL243ZWPZS5DJT9JN5CPLZA,A3IJNWM14T6CN7,https://vignette.wikia.nocookie.net/marveldatabase/images/4/48/Zheng_Zu_%28Earth-616%29_from_Secret_Avengers_Vol_1_8_%28cover%29.jpg/revision/latest/scale-to-width-down/225?cb=20161116060348,False,zygenid,zygenid,lonely,upset,,lonely,strange,,confusing,ornate,strange
3XH7ZM9YX4BZW32ZTRGG2XQTW1PR9Q,APKO12PP5J5LW,https://vignette.wikia.nocookie.net/marveldatabase/images/c/c9/Namor_The_First_Mutant_Vol_1_9_Textless.jpg/revision/latest/scale-to-width-down/329?cb=20110118205536,True,boleros,boleros,versatile,vigilant,vicious,persistent,ambitious,,chubby,,
3XH7ZM9YX4BZW32ZTRGG2XQTW1PR9Q,A3TEVNU2YYO1VH,https://vignette.wikia.nocookie.net/marveldatabase/images/c/c9/Namor_The_First_Mutant_Vol_1_9_Textless.jpg/revision/latest/scale-to-width-down/329?cb=20110118205536,False,boleros,boleros,,,,angry,rabid,tormented,strong,bald,blue
3XT3KXP241FZLLXI5XJV4VY0J4YI62,A3IJNWM14T6CN7,https://vignette.wikia.nocookie.net/marveldatabase/images/1/15/Rintrah_%28Earth-616%29_from_Official_Handbook_of_the_Marvel_Universe_Vol_3_6_001.jpg/revision/latest/scale-to-width-down/266?cb=20170410045757,False,inneity,inneity,serious,calm,thoughtful,serious,calm,helpful,thinking,serious,calm
3XT3KXP241FZLLXI5XJV4VY0J4YI62,A3UNY9FSBWUFRX,https://vignette.wikia.nocookie.net/marveldatabase/images/1/15/Rintrah_%28Earth-616%29_from_Official_Handbook_of_the_Marvel_Universe_Vol_3_6_001.jpg/revision/latest/scale-to-width-down/266?cb=20170410045757,False,inneity,inneity,protective,caring,thoughtful,intelligent,curious,kind,large,,
3XU9MCX6VQTOWJH08I11SAIFQVFR2Y,A1HA1PWPIX8YTO,https://vignette.wikia.nocookie.net/marveldatabase/images/e/ef/Keniuchio_Harada_%28Earth-616%29_from_Marvel_War_of_Heroes_001.jpg/revision/latest/scale-to-width-down/350?cb=20140304223852,False,haggeis,haggeis,merciless,hard,callous,firm,strong,brave,burly,stocky,beefy
3XU9MCX6VQTOWJH08I11SAIFQVFR2Y,A3UNY9FSBWUFRX,https://vignette.wikia.nocookie.net/marveldatabase/images/e/ef/Keniuchio_Harada_%28Earth-616%29_from_Marvel_War_of_Heroes_001.jpg/revision/latest/scale-to-width-down/350?cb=20140304223852,False,haggeis,haggeis,sober,driven,intense,dutiful,ferocious,stoic,massive,enormous,hulking
3XU9MCX6VQTOWJH08I11SAIFQVFR2Y,A19AJF6MY27PWO,https://vignette.wikia.nocookie.net/marveldatabase/images/e/ef/Keniuchio_Harada_%28Earth-616%29_from_Marvel_War_of_Heroes_001.jpg/revision/latest/scale-to-width-down/350?cb=20140304223852,False,haggeis,haggeis,thinking,,,determined,forceful,powerful,strong,metallic,shiny
3Y40HMYLL3ZHDRCE01HZNBZVA3KXUJ,A3AUPQQ6PAIAF6,https://vignette.wikia.nocookie.net/marveldatabase/images/9/9e/Cassandra_Webb_%28Earth-616%29_from_Prowler_Vol_2_1_001.jpg/revision/latest/scale-to-width-down/350?cb=20161026235044,False,reneger,reneger,scary,frightening,deceptive,deceptive,dangerous,cunning,ugly,gross,scary
3YCT0L9OMOQWMK669QZQA8Q9NSPSNE,AQZCUOM4JXGC2,https://vignette.wikia.nocookie.net/marveldatabase/images/b/b3/Lance_temple_outlaw_kid.jpg/revision/latest/scale-to-width-down/337?cb=20090531145217,False,workbag,workbag,angry,guarded,daring,persistent,adventurous,dangerous,tall,muscular,slender
3YCT0L9OMOQWMK669QZQA8Q9NSPSNE,A35PG6HAKKTRV2,https://vignette.wikia.nocookie.net/marveldatabase/images/b/b3/Lance_temple_outlaw_kid.jpg/revision/latest/scale-to-width-down/337?cb=20090531145217,False,workbag,workbag,fearful,wary,cautious,confident,short-tempered,self-assured,impatient,spontaneous,
3YGE63DINAEM85V8SP7TWLXHLCAW0M,A2NGY0LAM66P0N,https://vignette.wikia.nocookie.net/marveldatabase/images/8/8d/Ichabod_%28Earth-616%29.jpg/revision/latest/scale-to-width-down/350?cb=20120808021423,False,nullism,nullism,mean,unemotional,stoic,strong,assertive,,fit,rugged,male
3YGE63DINAEM85V8SP7TWLXHLCAW0M,A3OYZK65C2G39N,https://vignette.wikia.nocookie.net/marveldatabase/images/8/8d/Ichabod_%28Earth-616%29.jpg/revision/latest/scale-to-width-down/350?cb=20120808021423,True,nullism,nullism,excited,rushed,mad,mean,skilled,,caped,,
3YGYP13643QKL56TU1ZLKYLD1Q6NRL,A3M706WDRF9W4E,https://vignette.wikia.nocookie.net/marveldatabase/images/e/eb/Vil_%28Earth-616%29.gif/revision/latest?cb=20120131204152,False,yarrows,yarrows,worried,uneasy,scared,quiet,inept,odd,odd,weird,strange
3YGYP13643QKL56TU1ZLKYLD1Q6NRL,A2F0H1QFK7X0N4,https://vignette.wikia.nocookie.net/marveldatabase/images/e/eb/Vil_%28Earth-616%29.gif/revision/latest?cb=20120131204152,False,yarrows,yarrows,,,,royal,,,feminine,alien,
3Z3R5YC0P54LDS6402L3C8DMNKHTFX,A3UNY9FSBWUFRX,https://vignette.wikia.nocookie.net/marveldatabase/images/3/32/Satana_Hellstrom_%28Earth-616%29_from_Doctor_Strange_Vol_4_14_001.jpg/revision/latest/scale-to-width-down/319?cb=20161119202325,False,glories,glories,daring,smug,melodramatic,manipulative,snobby,,elegant,sexy,slinky
3Z3R5YC0P54LDS6402L3C8DMNKHTFX,A3PAELC96MN4UK,https://vignette.wikia.nocookie.net/marveldatabase/images/3/32/Satana_Hellstrom_%28Earth-616%29_from_Doctor_Strange_Vol_4_14_001.jpg/revision/latest/scale-to-width-down/319?cb=20161119202325,True,glories,glories,,,,fierce,brave,dark,skinny,sexy,pretty
3Z56AA6EK6HLH4N9QCHNWO5H0DIM6M,A3UNY9FSBWUFRX,https://vignette.wikia.nocookie.net/marveldatabase/images/c/cc/Stacy_Dolan_%28Earth-616%29.jpg/revision/latest/scale-to-width-down/350?cb=20071103024201,False,certose,certose,passionate,vigilant,self-assured,diligent,level-headed,earnest,athletic,beautiful,capable
3Z56AA6EK6HLH4N9QCHNWO5H0DIM6M,ARA1SVR85THFP,https://vignette.wikia.nocookie.net/marveldatabase/images/c/cc/Stacy_Dolan_%28Earth-616%29.jpg/revision/latest/scale-to-width-down/350?cb=20071103024201,False,certose,certose,calm,skeptical,,disciplined,fearless,,fit,sleek,
3ZC62PVYDJR9UV6956SM7IYZ4L1XXB,A3IJNWM14T6CN7,https://vignette.wikia.nocookie.net/marveldatabase/images/7/74/Guardians_of_the_Galaxy_Vol_2_12_Textless.jpg/revision/latest/scale-to-width-down/323?cb=20100402194559,False,ebriety,ebriety,strong,serious,calm,strong,kind,,pretty,beautiful,
3ZC62PVYDJR9UV6956SM7IYZ4L1XXB,A2IDEAHVELNWTH,https://vignette.wikia.nocookie.net/marveldatabase/images/7/74/Guardians_of_the_Galaxy_Vol_2_12_Textless.jpg/revision/latest/scale-to-width-down/323?cb=20100402194559,False,ebriety,ebriety,,,,intelligent,fearless,,graceful,intimidating,powerful
3ZC62PVYDJR9UV6956SM7IYZ4L1XXB,A3UNY9FSBWUFRX,https://vignette.wikia.nocookie.net/marveldatabase/images/7/74/Guardians_of_the_Galaxy_Vol_2_12_Textless.jpg/revision/latest/scale-to-width-down/323?cb=20100402194559,False,ebriety,ebriety,keen,ready,powerful,brave,unyielding,secure,athletic,skilled,agile
3ZFRE2BDQBVYZQ6O6OG743EACLZXZ8,APKO12PP5J5LW,https://vignette.wikia.nocookie.net/marveldatabase/images/a/ad/Kayla_Ballantine_%28Earth-616%29.jpg/revision/latest?cb=20090519185406,False,turkeys,turkeys,worried,wishful,glum,forgiving,gorgeous,fancy,glowing,good,unique
3ZQA3IO31D8EAL7OXMKJTW35N2HO15,A2WSCI9DQBH855,https://vignette.wikia.nocookie.net/marveldatabase/images/e/e4/Lemar_Hoskins_%28Earth-616%29_from_Captain_America_Sam_Wilson_Vol_1_15_001.jpg/revision/latest/scale-to-width-down/246?cb=20161227092238,False,chiliad,chiliad,happy,proud,hot,loyal,good,,slow,strong,resistant
3ZQX1VYFTFMWLLR9W7TY86QD18NO8P,APKO12PP5J5LW,https://vignette.wikia.nocookie.net/marveldatabase/images/5/5a/Hope_Abbott_%28Earth-616%29_from_X-Men_Battle_of_the_Atom_%28video_game%29_001.jpg/revision/latest/scale-to-width-down/350?cb=20171022170125,False,beltway,beltway,unique,youthful,uncouth,diligent,generous,frank,excited,glowing,cruel
3ZTE0JGGCG9YXOHMDJ93ASMWRZ8OCV,A2F0H1QFK7X0N4,https://vignette.wikia.nocookie.net/marveldatabase/images/4/48/Avengers_Vol_5_27_Textless.jpg/revision/latest/scale-to-width-down/334?cb=20131211190004,False,meacock,meacock,,,,aggressive,brave,powerful,alien,,
