image_url,prompt
https://vignette.wikia.nocookie.net/marveldatabase/images/4/43/X-Men_Black_-_Mystique_Vol_1_1_Textless.jpg/revision/latest/scale-to-width-down/329?cb=20181015172518,oversow
https://vignette.wikia.nocookie.net/marveldatabase/images/7/77/Mockingbird_Vol_1_3_Torque_Variant_Textless.jpg/revision/latest/scale-to-width-down/324?cb=20160219080522,metrise
https://vignette.wikia.nocookie.net/marveldatabase/images/f/f1/IVX_Vol_1_1_Inhumans_Variant_Textless.jpg/revision/latest/scale-to-width-down/330?cb=20161209094800,goatpox
https://vignette.wikia.nocookie.net/marveldatabase/images/4/40/Brunnhilde_%28Earth-616%29_from_Avengers_World_Vol_1_15_0001.png/revision/latest/scale-to-width-down/285?cb=20141120081823,facular
https://vignette.wikia.nocookie.net/marveldatabase/images/2/22/Alison_Blaire_%28Earth-616%29_from_Astonishing_X-Men_Vol_4_14_001.jpg/revision/latest/scale-to-width-down/317?cb=20180803014909,traduct
https://vignette.wikia.nocookie.net/marveldatabase/images/0/0a/Venom_Vol_1_154_Textless.jpg/revision/latest/scale-to-width-down/329?cb=20170620220344,upslant
https://vignette.wikia.nocookie.net/marveldatabase/images/6/64/John_Walker_%28Earth-616%29_from_Captain_America_Sam_Wilson_Vol_1_11_001.jpg/revision/latest/scale-to-width-down/280?cb=20160712062129,torsoes
https://vignette.wikia.nocookie.net/marveldatabase/images/a/a6/Amazing_Spider-Man_Vol_5_17_ComicXposure_Exclusive_Virgin_Variant.jpg/revision/latest/scale-to-width-down/327?cb=20190331025642,dauties
https://vignette.wikia.nocookie.net/marveldatabase/images/f/fa/Karla_Sofen_%28Earth-616%29_from_Giant-Man_Vol_1_3_cover_001.jpg/revision/latest/scale-to-width-down/324?cb=20190320033445,parrier
https://vignette.wikia.nocookie.net/marveldatabase/images/3/3c/William_Baker_%28Earth-616%29_from_Peter_Parker_The_Spectacular_Spider-Man_Vol_1_309_001.jpg/revision/latest/scale-to-width-down/350?cb=20180919005403,radidii
https://vignette.wikia.nocookie.net/marveldatabase/images/5/55/Sharon_Carter_%28Earth-616%29_from_Captain_America_Steve_Rogers_Vol_1_3_001.jpg/revision/latest/scale-to-width-down/325?cb=20170128042149,doubled
https://vignette.wikia.nocookie.net/marveldatabase/images/f/fd/Amazing_Spider-Man_Vol_5_1_Crain_Exclusive_Black_Cat_Variant.jpg/revision/latest/scale-to-width-down/323?cb=20180723081925,expense
https://vignette.wikia.nocookie.net/marveldatabase/images/2/2d/X-Men_Black_-_Juggernaut_Vol_1_1_Virgin_Variant.jpg/revision/latest/scale-to-width-down/323?cb=20181015174000,blowers
https://vignette.wikia.nocookie.net/marveldatabase/images/6/61/Monica_Rambeau_%28Earth-616%29_from_Captain_America_and_the_Mighty_Avengers_Vol_1_6.jpg/revision/latest/scale-to-width-down/325?cb=20150323200153,plashet
https://vignette.wikia.nocookie.net/marveldatabase/images/4/4b/Maria_Hill_%28Earth-616%29_from_Avengers_World_Vol_1_14_001.png/revision/latest/scale-to-width-down/296?cb=20150220062849,derives
https://vignette.wikia.nocookie.net/marveldatabase/images/5/54/Ben_Urich_%28Earth-616%29_from_Spider-Woman_Vol_6_2_001.jpg/revision/latest?cb=20150915214121,injures
https://vignette.wikia.nocookie.net/marveldatabase/images/3/31/Heather_Douglas_%28Earth-616%29_from_Guardians_of_the_Galaxy_Vol_4_5_001.jpg/revision/latest/scale-to-width-down/281?cb=20160211051515,sthenic
https://vignette.wikia.nocookie.net/marveldatabase/images/b/b9/Models%2C_Inc._Vol_1_1_page_00_Millicent_Collins_%28Earth-616%29.jpg/revision/latest/scale-to-width-down/191?cb=20100829193449,bagasse
https://vignette.wikia.nocookie.net/marveldatabase/images/4/49/James_Proudstar_%28Earth-616%29.jpg/revision/latest/scale-to-width-down/350?cb=20100919032406,keglers
https://vignette.wikia.nocookie.net/marveldatabase/images/7/79/Angelica_Jones_%28Earth-616%29_from_Iceman_Vol_4_3_001.jpg/revision/latest/scale-to-width-down/350?cb=20181224232835,unsleek
https://vignette.wikia.nocookie.net/marveldatabase/images/a/a8/Edward_Brock_%28Earth-616%29_and_Venom_%28Klyntar%29_%28Earth-616%29_from_Venom_Vol_4_7.png/revision/latest/scale-to-width-down/350?cb=20190320180807,upupoid
https://vignette.wikia.nocookie.net/marveldatabase/images/f/f7/MacDonald_Gargan_%28Earth-616%29_from_Amazing_Spider-Man_Vol_5_11_001.jpg/revision/latest/scale-to-width-down/325?cb=20190202050510,beholds
https://vignette.wikia.nocookie.net/marveldatabase/images/e/e4/Mephisto_%28Earth-616%29_from_Deadpool_vs._Thanos_Vol_1_3_001.jpg/revision/latest/scale-to-width-down/286?cb=20151015031358,subgens
https://vignette.wikia.nocookie.net/marveldatabase/images/a/ab/Tabitha_Smith_%28Earth-616%29_from_X-Force_Vol_5_1_cover_001.jpg/revision/latest/scale-to-width-down/350?cb=20181226182742,skatist
https://vignette.wikia.nocookie.net/marveldatabase/images/5/5f/Astonishing_X-Men_Vol_3_59_Textless.jpg/revision/latest/scale-to-width-down/329?cb=20121115152824,failure
https://vignette.wikia.nocookie.net/marveldatabase/images/9/96/Ghost_Rider_Danny_Ketch_Vol_1_1_Textless.jpg/revision/latest/scale-to-width-down/350?cb=20160802060753,culches
https://vignette.wikia.nocookie.net/marveldatabase/images/9/93/Domino_Vol_3_2_Textless.jpg/revision/latest/scale-to-width-down/348?cb=20180222215519,immured
https://vignette.wikia.nocookie.net/marveldatabase/images/0/02/Wong_%28Earth-616%29.png/revision/latest/scale-to-width-down/277?cb=20110708212240,shibahs
https://vignette.wikia.nocookie.net/marveldatabase/images/c/cb/Infinity_Vol_1_4_Generals_Variant_Textless.jpg/revision/latest/scale-to-width-down/331?cb=20130628193007,devised
https://vignette.wikia.nocookie.net/marveldatabase/images/f/f1/Master_of_Kung_Fu_Vol_1_126_Mayhew_Variant_Textless.jpg/revision/latest/scale-to-width-down/330?cb=20170822180446,beeware
https://vignette.wikia.nocookie.net/marveldatabase/images/5/5c/Alicia_Masters_%28Earth-616%29_from_Fantastic_Four_Vol_6_1_001.jpg/revision/latest/scale-to-width-down/308?cb=20180810005408,oldster
https://vignette.wikia.nocookie.net/marveldatabase/images/e/ea/Robert_Baldwin_%28Earth-616%29_from_Deadpool_Vol_4_32_001.jpg/revision/latest/scale-to-width-down/310?cb=20170614151209,atrepsy
https://vignette.wikia.nocookie.net/marveldatabase/images/e/e9/Vance_Astrovik_%28Earth-616%29_from_New_Warriors_Vol_5_12_001.jpg/revision/latest/scale-to-width-down/343?cb=20180401201836,jaypiet
https://vignette.wikia.nocookie.net/marveldatabase/images/2/2c/Wendell_Vaughn_%28Earth-616%29_from_Avengers_Standoff_Assault_On_Pleasant_Hill_Omega_Vol_1_1_001.jpg/revision/latest/scale-to-width-down/350?cb=20160428005903,bortsch
https://vignette.wikia.nocookie.net/marveldatabase/images/5/50/Models%2C_Inc._Vol_1_2_page_00_Chili_Storm_%28Earth-616%29.jpg/revision/latest/scale-to-width-down/323?cb=20100829193507,manward
https://vignette.wikia.nocookie.net/marveldatabase/images/b/b2/Abner_Jenkins_%28Earth-616%29_from_Thunderbolts_Vol_3_4_001.png/revision/latest/scale-to-width-down/350?cb=20160901025546,strands
https://vignette.wikia.nocookie.net/marveldatabase/images/9/9d/Elektra_Vol_4_1_Textless.jpg/revision/latest/scale-to-width-down/324?cb=20161122175115,hoblike
https://vignette.wikia.nocookie.net/marveldatabase/images/8/86/Bullseye_Vol_1_1_Checchetto_Connecting_Variant_Textless.jpg/revision/latest/scale-to-width-down/329?cb=20161122175655,zophori
https://vignette.wikia.nocookie.net/marveldatabase/images/0/0c/Forge_%28Earth-616%29_from_IVX_Vol_1_5_001.jpg/revision/latest/scale-to-width-down/350?cb=20180901152223,diazins
https://vignette.wikia.nocookie.net/marveldatabase/images/e/eb/Rescue_Vol_1_1_Textless.jpg/revision/latest/scale-to-width-down/344?cb=20110215163127,coerect
https://vignette.wikia.nocookie.net/marveldatabase/images/2/2a/Walter_Langkowski_%28Earth-616%29_from_Immortal_Hulk_Vol_1_4_001.jpg/revision/latest/scale-to-width-down/350?cb=20180905225527,pintano
https://vignette.wikia.nocookie.net/marveldatabase/images/4/46/X-Factor_Vol_3_47_page_00_James_Madrox_%28Earth-616%29.png/revision/latest?cb=20100117043400,subsoil
https://vignette.wikia.nocookie.net/marveldatabase/images/6/68/Heimdall_%28Earth-616%29_from_Mighty_Thor_Vol_2_2_001.jpg/revision/latest/scale-to-width-down/337?cb=20180929211420,swedger
https://vignette.wikia.nocookie.net/marveldatabase/images/e/e2/Theresa_Cassidy_%28Earth-616%29_from_X-Factor_Vol_1_244_0001.jpg/revision/latest/scale-to-width-down/280?cb=20120920061943,angekut
https://vignette.wikia.nocookie.net/marveldatabase/images/d/d2/X-23_Vol_4_1_Unknown_Comic_Books_Exclusive_Variant_C.jpg/revision/latest/scale-to-width-down/319?cb=20180627111115,fibbery
https://vignette.wikia.nocookie.net/marveldatabase/images/0/0d/Infinity_Countdown_Vol_1_3_Drax_Holds_Infinity_Variant_Textless.jpg/revision/latest/scale-to-width-down/333?cb=20180410230127,isidoid
https://vignette.wikia.nocookie.net/marveldatabase/images/b/bf/Warlock_%28Technarch%29_%28Earth-616%29_from_New_Mutants_Dead_Souls_Vol_1_3_001.jpg/revision/latest/scale-to-width-down/302?cb=20180513025039,outwood
https://vignette.wikia.nocookie.net/marveldatabase/images/5/53/Marvel_Comics_Presents_Vol_2_5_Textless.jpg/revision/latest/scale-to-width-down/333?cb=20151222191947,encraal
https://vignette.wikia.nocookie.net/marveldatabase/images/8/8e/Doc_Samson_Vol_2_2_Textless.jpg/revision/latest/scale-to-width-down/322?cb=20061210192511,motived
https://vignette.wikia.nocookie.net/marveldatabase/images/5/5e/New_Avengers_Vol_4_13_Textless.jpg/revision/latest/scale-to-width-down/350?cb=20160609012440,outlets
https://vignette.wikia.nocookie.net/marveldatabase/images/e/ed/S.W.O.R.D._Vol_1_3_Textless.jpg/revision/latest/scale-to-width-down/320?cb=20091113115343,terrets
https://vignette.wikia.nocookie.net/marveldatabase/images/0/0a/Captain_America_Sam_Wilson_Vol_1_16_Textless.jpg/revision/latest/scale-to-width-down/324?cb=20160920191244,oligist
https://vignette.wikia.nocookie.net/marveldatabase/images/5/59/Moira_Kinross_%28Earth-616%29.png/revision/latest/scale-to-width-down/216?cb=20090114050450,portent
https://vignette.wikia.nocookie.net/marveldatabase/images/d/d5/Namorita_Prentiss_%28Earth-616%29_from_1994_Marvel_Masterpieces_%28Trading_Cards%29_0001.jpg/revision/latest/scale-to-width-down/350?cb=20061128124856,hunchet
https://vignette.wikia.nocookie.net/marveldatabase/images/5/51/Lockjaw_Vol_1_1_Textless.jpg/revision/latest/scale-to-width-down/335?cb=20171122020841,diapirs
https://vignette.wikia.nocookie.net/marveldatabase/images/1/12/Adam_Warlock_%28Earth-616%29_from_Infinity_Countdown_Vol_1_5_Lim_Variant_001.png/revision/latest/scale-to-width-down/350?cb=20180726061907,acinous
https://vignette.wikia.nocookie.net/marveldatabase/images/3/34/Heather_McNeil_%28Earth-616%29.jpg/revision/latest?cb=20080223055919,depaint
https://vignette.wikia.nocookie.net/marveldatabase/images/4/4b/Clone_Conspiracy_Vol_1_4_Textless.jpg/revision/latest/scale-to-width-down/334?cb=20161017224615,singult
https://vignette.wikia.nocookie.net/marveldatabase/images/3/3d/Man-Thing_Vol_5_2_Deodato_Variant_Textless.jpg/revision/latest/scale-to-width-down/324?cb=20161220180737,remeets
https://vignette.wikia.nocookie.net/marveldatabase/images/7/73/Adrian_Toomes_%28Earth-616%29_from_Peter_Parker_The_Spectacular_Spider-Man_Vol_1_4_001.jpg/revision/latest/scale-to-width-down/325?cb=20170925212425,tuition
https://vignette.wikia.nocookie.net/marveldatabase/images/c/ca/Totally_Awesome_Hulk_Vol_1_5_Textless.jpg/revision/latest/scale-to-width-down/350?cb=20160119223543,scissel
https://vignette.wikia.nocookie.net/marveldatabase/images/8/8d/Clea_%28Earth-616%29_from_Fearless_Defenders_Vol_1_7_001.jpg/revision/latest/scale-to-width-down/278?cb=20130731210441,cattier
https://vignette.wikia.nocookie.net/marveldatabase/images/8/80/Secret_Avengers_Vol_1_27_Textless.jpg/revision/latest/scale-to-width-down/329?cb=20120314011719,tinemen
https://vignette.wikia.nocookie.net/marveldatabase/images/3/34/Eugene_Judd_%28Earth-616%29_from_Captain_Marvel_Vol_9_9_001.jpg/revision/latest/scale-to-width-down/312?cb=20161101033207,reamend
https://vignette.wikia.nocookie.net/marveldatabase/images/e/e3/Daimon_Hellstrom_%28Earth-616%29_from_Venom_Vol_2_23_001.jpg/revision/latest/scale-to-width-down/350?cb=20121014012007,sulcate
https://vignette.wikia.nocookie.net/marveldatabase/images/c/c7/John_Jonah_Jameson_III_%28Earth-616%29_from_Carnage_Vol_2_14_001.jpg/revision/latest/scale-to-width-down/350?cb=20161116233924,putoffs
https://vignette.wikia.nocookie.net/marveldatabase/images/d/dc/Triton_%28Earth-616%29_from_Civil_War_II_Vol_1_1_001.jpg/revision/latest/scale-to-width-down/278?cb=20160601210850,bolomen
https://vignette.wikia.nocookie.net/marveldatabase/images/a/ae/Captain_Britain_and_MI-13_Annual_Vol_1_1_Textless.jpg/revision/latest/scale-to-width-down/329?cb=20091030100205,bunnies
https://vignette.wikia.nocookie.net/marveldatabase/images/6/60/Sentry_Vol_3_1_Textless.jpg/revision/latest/scale-to-width-down/326?cb=20180320215750,hillock
https://vignette.wikia.nocookie.net/marveldatabase/images/1/19/Clone_Conspiracy_Omega_Vol_1_1_Textless.jpg/revision/latest/scale-to-width-down/329?cb=20161220201618,asqueal
https://vignette.wikia.nocookie.net/marveldatabase/images/8/8f/Santo_Vaccarro_%28Earth-616%29_from_X-Men_Red_Vol_1_8_001.jpg/revision/latest?cb=20181001093309,comital
https://vignette.wikia.nocookie.net/marveldatabase/images/e/ec/Rawhide_Kid_Vol_4_1_Textless.jpg/revision/latest/scale-to-width-down/329?cb=20160128192401,stovers
https://vignette.wikia.nocookie.net/marveldatabase/images/8/86/Chaos_War_Ares_Vol_1_1_Textless.jpg/revision/latest/scale-to-width-down/326?cb=20160316045751,fidelio
https://vignette.wikia.nocookie.net/marveldatabase/images/a/aa/Eternals_Vol_3_2_Textless.jpg/revision/latest/scale-to-width-down/343?cb=20160901192410,unroost
https://vignette.wikia.nocookie.net/marveldatabase/images/0/08/Guido_Carosella_%28Earth-616%29_from_Multiple_Man_Vol_1_1_002.jpg/revision/latest/scale-to-width-down/350?cb=20180702025707,chirrup
https://vignette.wikia.nocookie.net/marveldatabase/images/1/13/Zabu_%28Earth-616%29_from_Marvel_Pets_Handbook_Vol_1_1_0001.jpg/revision/latest/scale-to-width-down/350?cb=20160530202913,standby
https://vignette.wikia.nocookie.net/marveldatabase/images/1/1a/Morbius_The_Living_Vampire_Vol_2_1_Textless.jpg/revision/latest/scale-to-width-down/300?cb=20120825194715,seedlip
https://vignette.wikia.nocookie.net/marveldatabase/images/4/4d/Julio_Richter_%28Earth-616%29_by_Carlos_Villa.jpg/revision/latest/scale-to-width-down/257?cb=20181105204252,limacea
https://vignette.wikia.nocookie.net/marveldatabase/images/6/6b/Classic_X-Men_Vol_1_8_Back.jpg/revision/latest/scale-to-width-down/323?cb=20140202191331,arerola
https://vignette.wikia.nocookie.net/marveldatabase/images/e/e9/Megan_Gwynn_%28Earth-616%29_from_Marvel_War_of_Heroes_001.jpg/revision/latest/scale-to-width-down/304?cb=20140812010823,shrouds
https://vignette.wikia.nocookie.net/marveldatabase/images/4/46/Kyle_Richmond_%28Earth-616%29_from_All-New_Official_Handbook_of_the_Marvel_Universe_Vol_1_8_0001.png/revision/latest/scale-to-width-down/275?cb=20170410025104,roquist
https://vignette.wikia.nocookie.net/marveldatabase/images/6/6c/Karen_Page_%28Earth-616%29.jpg/revision/latest?cb=20050616052457,furzier
https://vignette.wikia.nocookie.net/marveldatabase/images/7/7a/Runaways_Vol_2_9_Textless.jpg/revision/latest/scale-to-width-down/350?cb=20101106163337,charnel
https://vignette.wikia.nocookie.net/marveldatabase/images/0/07/Maxwell_Dillon_%28Earth-616%29_from_Marvel_War_of_Heroes_001.jpg/revision/latest/scale-to-width-down/302?cb=20140305025322,forwelk
https://vignette.wikia.nocookie.net/marveldatabase/images/8/83/Valerie_Cooper_%28Earth-616%29_from_Uncanny_X-Men_Vol_5_14_001.jpg/revision/latest?cb=20190327124830,citatum
https://vignette.wikia.nocookie.net/marveldatabase/images/1/10/Anna_May_%28Earth-616%29_from_Sensational_Spider-Man_Vol_1_16_0001.jpg/revision/latest?cb=20180109215127,unspoil
https://vignette.wikia.nocookie.net/marveldatabase/images/c/cd/X-Men_Vol_3_3_Textless.jpg/revision/latest/scale-to-width-down/333?cb=20100907224209,gamebag
https://vignette.wikia.nocookie.net/marveldatabase/images/5/59/Cloak_and_Dagger_Vol_5_1_Textless.jpg/revision/latest/scale-to-width-down/329?cb=20180607232333,yperite
https://vignette.wikia.nocookie.net/marveldatabase/images/1/16/Monet_St._Croix_%28Earth-616%29_from_Uncanny_X-Men_Vol_4_4_001.jpg/revision/latest/scale-to-width-down/317?cb=20170317014854,phraser
https://vignette.wikia.nocookie.net/marveldatabase/images/9/9a/All-New_Guardians_of_the_Galaxy_Vol_1_3_Irving_Variant_Textless.jpg/revision/latest/scale-to-width-down/329?cb=20180526054006,scutate
https://vignette.wikia.nocookie.net/marveldatabase/images/f/fe/Amara_Aquilla_%28Earth-616%29_from_X-Men_Gold_Vol_2_3_001.jpg/revision/latest/scale-to-width-down/350?cb=20170520075119,withies
https://vignette.wikia.nocookie.net/marveldatabase/images/7/74/Julia_Carpenter_%28Earth-616%29_from_Prowler_Vol_2_2_001.jpg/revision/latest/scale-to-width-down/350?cb=20161123220720,orbicle
https://vignette.wikia.nocookie.net/marveldatabase/images/2/24/Jane_Foster_%28Earth-616%29_from_Mighty_Thor_Vol_1_706_001.jpg/revision/latest/scale-to-width-down/337?cb=20180426223946,kittled
https://vignette.wikia.nocookie.net/marveldatabase/images/f/fb/Mortimer_Toynbee_%28Earth-616%29_from_X-Men_Blue_Vol_1_7_001.jpg/revision/latest/scale-to-width-down/350?cb=20180606025832,mockage
https://vignette.wikia.nocookie.net/marveldatabase/images/7/7c/Astonishing_Ant-Man_Vol_1_10_Mighty_Men_of_Marvel_Cancelled_Variant_Textless.jpg/revision/latest/scale-to-width-down/329?cb=20160319233924,ginning
https://vignette.wikia.nocookie.net/marveldatabase/images/4/41/Paige_Guthrie_%28Earth-616%29_from_Generation_X_Vol_1_86_001.jpg/revision/latest/scale-to-width-down/350?cb=20180916233858,amiable
https://vignette.wikia.nocookie.net/marveldatabase/images/c/ce/Benjamin_Parker_%28Earth-616%29_from_Official_Handbook_of_the_Marvel_Universe_Vol_4_7_0001.png/revision/latest/scale-to-width-down/219?cb=20170410023208,germany
https://vignette.wikia.nocookie.net/marveldatabase/images/6/66/Erik_Josten_%28Earth-616%29_from_Thunderbolts_Vol_3_2_002.png/revision/latest/scale-to-width-down/350?cb=20160608174810,orgueil
https://vignette.wikia.nocookie.net/marveldatabase/images/a/a7/Jeanne-Marie_Beaubier_%28Earth-616%29_from_Civil_War_II_Choosing_Sides_Vol_1_5_cover_001.png/revision/latest/scale-to-width-down/350?cb=20160831202427,notches
https://vignette.wikia.nocookie.net/marveldatabase/images/8/87/Immortal_Hulk_Vol_1_9_Textless.jpg/revision/latest/scale-to-width-down/326?cb=20181118052200,backcap
https://vignette.wikia.nocookie.net/marveldatabase/images/d/d3/Glory-grant.jpg/revision/latest/scale-to-width-down/191?cb=20101028233739,ramstam
https://vignette.wikia.nocookie.net/marveldatabase/images/b/b7/Michael_Twoyoungmen_%28Earth-616%29.jpg/revision/latest?cb=20070722185846,choenix
https://vignette.wikia.nocookie.net/marveldatabase/images/9/96/Generation_Hope_Vol_1_2_Women_of_Marvel_Variant_Textless.jpg/revision/latest/scale-to-width-down/329?cb=20110101103003,perform
https://vignette.wikia.nocookie.net/marveldatabase/images/d/dd/Mighty_Thor_Vol_2_2_Marvel_%2792_Variant_Textless.jpg/revision/latest/scale-to-width-down/329?cb=20150917021652,decodes
https://vignette.wikia.nocookie.net/marveldatabase/images/1/1f/Alexander_Power_%28Earth-616%29_from_FF_Vol_1_15_0001.png/revision/latest/scale-to-width-down/287?cb=20121005194216,divined
https://vignette.wikia.nocookie.net/marveldatabase/images/d/dc/Matthew_Hawk_%28Earth-616%29_0002.jpg/revision/latest/scale-to-width-down/218?cb=20140125005256,huswife
https://vignette.wikia.nocookie.net/marveldatabase/images/7/7a/Jessica_Jones_Vol_1_4_Dekal_Variant_Textless.jpg/revision/latest/scale-to-width-down/329?cb=20161018161452,wedelns
https://vignette.wikia.nocookie.net/marveldatabase/images/7/76/Frederick_Dukes_%28Earth-616%29_from_All-New_X-Men_Vol_2_5_001.jpg/revision/latest/scale-to-width-down/293?cb=20160225042614,myomata
https://vignette.wikia.nocookie.net/marveldatabase/images/5/57/Eric_Brooks_%28Earth-616%29_from_Avengers_Vol_8_12_001.jpg/revision/latest/scale-to-width-down/325?cb=20190202030107,encharm
https://vignette.wikia.nocookie.net/marveldatabase/images/7/75/Eros_%28Earth-616%29_from_Thanos_Legacy_Vol_1_1_001.jpg/revision/latest/scale-to-width-down/325?cb=20180914122650,butyric
https://vignette.wikia.nocookie.net/marveldatabase/images/2/21/Madison_Jeffries_%28Earth-616%29_from_All-New_X-Men_Vol_1_40.jpg/revision/latest/scale-to-width-down/176?cb=20150423185653,unfussy
https://vignette.wikia.nocookie.net/marveldatabase/images/4/45/Mandarin_%28Earth-616%29_from_Invincible_Iron_Man_Vol_1_511_cover.jpg/revision/latest/scale-to-width-down/350?cb=20111229200254,clamber
https://vignette.wikia.nocookie.net/marveldatabase/images/6/64/The_Wizard_%28Earth-616%29_from_Superior_Carnage_Vol_1_1_001.jpg/revision/latest/scale-to-width-down/325?cb=20130718233143,niceish
https://vignette.wikia.nocookie.net/marveldatabase/images/e/e4/Akihiro_%28Earth-616%29_from_X-Men_Blue_Vol_1_25_cover_001.jpg/revision/latest/scale-to-width-down/305?cb=20180416004259,jemmies
https://vignette.wikia.nocookie.net/marveldatabase/images/4/45/Amazing_Spider-Man_Vol_5_17_Textless.jpg/revision/latest/scale-to-width-down/323?cb=20181218225652,kerries
https://vignette.wikia.nocookie.net/marveldatabase/images/a/ab/Jonothon_Starsmore_%28Earth-616%29_from_Generation_X_Vol_2_2_001.jpg/revision/latest/scale-to-width-down/350?cb=20170610162133,downset
https://vignette.wikia.nocookie.net/marveldatabase/images/a/a7/Secret_Empire_Vol_1_4_Villain_Variant_Textless.jpg/revision/latest/scale-to-width-down/329?cb=20170303225651,heliast
https://vignette.wikia.nocookie.net/marveldatabase/images/a/a9/Victor_Borkowski_%28Earth-616%29_from_X-Men_Gold_Vol_2_3_001.jpg/revision/latest/scale-to-width-down/285?cb=20170508234311,gamiest
https://vignette.wikia.nocookie.net/marveldatabase/images/f/f8/Edward_Leeds_%28Earth-616%29.jpg/revision/latest/scale-to-width-down/329?cb=20090308052442,nutrias
https://vignette.wikia.nocookie.net/marveldatabase/images/f/f8/Ultron_%28Earth-616%29_and_Henry_Pym_%28Earth-616%29_from_Infinity_Countdown_Vol_1_4_Lim_Variant_001.jpg/revision/latest/scale-to-width-down/325?cb=20180601034233,cryonic
https://vignette.wikia.nocookie.net/marveldatabase/images/5/54/Douglas_Ramsey_%28Earth-616%29_from_All-New_X-Factor_Vol_1_16_0001.png/revision/latest/scale-to-width-down/261?cb=20141106042036,foliary
https://vignette.wikia.nocookie.net/marveldatabase/images/a/a2/Quentin_Beck_%28Earth-616%29_from_Spider-Man_Deadpool_Vol_1_2_001.jpg/revision/latest/scale-to-width-down/325?cb=20171116175759,scrapes
https://vignette.wikia.nocookie.net/marveldatabase/images/3/3d/Avengers_Vol_1_673_Textless.jpg/revision/latest/scale-to-width-down/333?cb=20170822214529,schlock
https://vignette.wikia.nocookie.net/marveldatabase/images/2/20/Hellion_Julian_Keller_%28Earth-616%29_X-Men_2.png/revision/latest?cb=20130710212259,shitted
https://vignette.wikia.nocookie.net/marveldatabase/images/a/ac/Legion_of_Monsters_Werewolf_by_Night_Vol_1_1_Textless.jpg/revision/latest/scale-to-width-down/333?cb=20131223232443,orantes
https://vignette.wikia.nocookie.net/marveldatabase/images/a/a3/Celeste_Cuckoo_%28Earth-616%29_from_X-23_Vol_4_5_001.jpg/revision/latest/scale-to-width-down/238?cb=20181013025233,fleeter
https://vignette.wikia.nocookie.net/marveldatabase/images/0/05/Secret_Warriors_Vol_1_3_page_11_Valentina_Allegra_de_Fontaine_%28Earth-616%29.jpg/revision/latest/scale-to-width-down/150?cb=20110106044651,sissify
https://vignette.wikia.nocookie.net/marveldatabase/images/d/d5/Ophelia_Sarkissian_%28Earth-616%29_from_Marvel_War_of_Heroes_001.jpg/revision/latest/scale-to-width-down/290?cb=20170326233841,hidable
https://vignette.wikia.nocookie.net/marveldatabase/images/6/66/Totally_Awesome_Hulk_Vol_1_11_Defenders_Variant_Textless.jpg/revision/latest/scale-to-width-down/323?cb=20160621213404,cheroot
https://vignette.wikia.nocookie.net/marveldatabase/images/5/5e/Irma_Cuckoo_%28Earth-616%29_from_X-23_Vol_4_4_001.jpg/revision/latest/scale-to-width-down/350?cb=20181013024722,archean
https://vignette.wikia.nocookie.net/marveldatabase/images/4/4d/Sebastian_Shaw_%28Earth-616%29_from_Uncanny_Avengers_Vol_3_14_002.jpg/revision/latest/scale-to-width-down/313?cb=20160916022150,daystar
https://vignette.wikia.nocookie.net/marveldatabase/images/d/df/Phoebe_Cuckoo_%28Earth-616%29_from_X-23_Vol_4_5_001.jpg/revision/latest/scale-to-width-down/213?cb=20181013025647,cookish
https://vignette.wikia.nocookie.net/marveldatabase/images/e/e3/Sage_%28Earth-616%29_from_X-Treme_X-Men_0001.png/revision/latest/scale-to-width-down/331?cb=20140420191319,wickers
https://vignette.wikia.nocookie.net/marveldatabase/images/c/c3/Valeria_Richards_%28Earth-616%29_from_Fantastic_Four_Vol_6_2_001.jpg/revision/latest/scale-to-width-down/323?cb=20180913004548,nonpros
https://vignette.wikia.nocookie.net/marveldatabase/images/d/dc/Donald_Blake_%28Earth-616%29.jpg/revision/latest/scale-to-width-down/350?cb=20090412194311,cambric
https://vignette.wikia.nocookie.net/marveldatabase/images/9/91/Mighty_Thor_Vol_1_700_Hughes_Variant_Textless.jpg/revision/latest/scale-to-width-down/333?cb=20171004182115,japygid
https://vignette.wikia.nocookie.net/marveldatabase/images/4/41/Lilandra_Neramani_%28Earth-616%29_006.jpg/revision/latest/scale-to-width-down/350?cb=20070509090355,ptereal
https://vignette.wikia.nocookie.net/marveldatabase/images/0/09/S.W.O.R.D._Vol_1_2_page_00_-_Henry_Gyrich_%28Earth-616%29.jpg/revision/latest/scale-to-width-down/236?cb=20090929124041,clawing
https://vignette.wikia.nocookie.net/marveldatabase/images/4/4e/Dwayne_Taylor_%28Earth-616%29_from_Contest_of_Champions_Vol_1_4_001.png/revision/latest/scale-to-width-down/243?cb=20160107032621,wheeled
https://vignette.wikia.nocookie.net/marveldatabase/images/f/fe/Happy_Hogan_01.jpg/revision/latest/scale-to-width-down/235?cb=20080814200602,beewise
https://vignette.wikia.nocookie.net/marveldatabase/images/c/cf/Redwing_%28Earth-616%29_from_Avengers_Vol_1_675_001.jpg/revision/latest/scale-to-width-down/350?cb=20180119222027,ocypode
https://vignette.wikia.nocookie.net/marveldatabase/images/8/84/Darkhawk_Vol_1_51_Mora_Variant_Textless.jpg/revision/latest/scale-to-width-down/329?cb=20170822174205,coppice
https://vignette.wikia.nocookie.net/marveldatabase/images/2/2b/Harvey_Elder_%28Earth-616%29_from_Mighty_Avengers_Vol_1_1_001.jpg/revision/latest?cb=20120215214031,apnoeas
https://vignette.wikia.nocookie.net/marveldatabase/images/1/1c/Wolfgang_von_Strucker_%28Earth-616%29_006.jpg/revision/latest/scale-to-width-down/263?cb=20140305033535,spumoid
https://vignette.wikia.nocookie.net/marveldatabase/images/b/bf/Dirk_Garthwaite_%28Earth-616%29_from_Omega_Flight_Vol_1_1_001.jpg/revision/latest?cb=20070310073532,macaron
https://vignette.wikia.nocookie.net/marveldatabase/images/5/5a/X-Factor_Vol_1_246_Textless.jpg/revision/latest/scale-to-width-down/329?cb=20120815191140,salvoed
https://vignette.wikia.nocookie.net/marveldatabase/images/0/08/Taskmaster_Vol_2_1_Solicit.jpg/revision/latest/scale-to-width-down/349?cb=20101203013637,revolts
https://vignette.wikia.nocookie.net/marveldatabase/images/7/7d/David_Lieberman_%28Earth-616%29_from_Punisher_Vol_8_5_0001.jpg/revision/latest/scale-to-width-down/350?cb=20121209095715,straike
https://vignette.wikia.nocookie.net/marveldatabase/images/1/1f/James_Hudson_%28Earth-616%29_from_Alpha_Flight_Vol_4_1_%28cover%29.jpg/revision/latest/scale-to-width-down/350?cb=20160513083415,aborted
https://vignette.wikia.nocookie.net/marveldatabase/images/9/93/Miles_Warren_%28Earth-616%29_from_Spider-Island_Deadly_Foes_Vol_1_1_001.jpg/revision/latest/scale-to-width-down/334?cb=20120117113235,blouson
https://vignette.wikia.nocookie.net/marveldatabase/images/7/76/War_of_Kings_Warriors_Vol_1_1_Textless.jpg/revision/latest/scale-to-width-down/323?cb=20161212211452,crapula
https://vignette.wikia.nocookie.net/marveldatabase/images/a/a9/Astonishing_X-Men_Vol_4_2_Villain_Variant_Textless.jpg/revision/latest/scale-to-width-down/346?cb=20170523194556,begging
https://vignette.wikia.nocookie.net/marveldatabase/images/7/7b/Uncanny_Avengers_Vol_1_8_Textless.jpg/revision/latest/scale-to-width-down/329?cb=20130429151442,batboys
https://vignette.wikia.nocookie.net/marveldatabase/images/f/f5/Silver_Sable_and_the_Wild_Pack_Vol_1_36_Textless.jpg/revision/latest/scale-to-width-down/328?cb=20170823095510,koorhmn
https://vignette.wikia.nocookie.net/marveldatabase/images/4/4f/Elvin_Haliday_%28Earth-616%29_from_Avengers_The_Initiative_Vol_1_4_0001.jpg/revision/latest/scale-to-width-down/211?cb=20091206022035,urolith
https://vignette.wikia.nocookie.net/marveldatabase/images/b/bd/X-Club_Vol_1_4_Textless.jpg/revision/latest/scale-to-width-down/329?cb=20111220054103,coaster
https://vignette.wikia.nocookie.net/marveldatabase/images/9/9c/Calvin_Zabo_%28Earth-616%29_from_Secret_Warriors_Vol_2_3.jpg/revision/latest?cb=20170830061710,embryol
https://vignette.wikia.nocookie.net/marveldatabase/images/6/66/Frederick_Myers_%28Earth-616%29_from_Superior_Foes_of_Spider-Man_Vol_1_1_001.png/revision/latest/scale-to-width-down/223?cb=20130704022241,callate
https://vignette.wikia.nocookie.net/marveldatabase/images/5/5a/Mantis_%28Earth-616%29_from_Guardians_of_the_Galaxy_Vol_4_5_001.jpg/revision/latest/scale-to-width-down/278?cb=20160211051517,rubbles
https://vignette.wikia.nocookie.net/marveldatabase/images/a/ad/Marlene_Alraune_%28Earth-616%29_from_Moon_Knight_Vol_1_191_cover.jpg/revision/latest/scale-to-width-down/246?cb=20180131175614,trilobe
https://vignette.wikia.nocookie.net/marveldatabase/images/4/4e/Rachel_Leighton_%28Earth-616%29_from_Captain_America_Sam_Wilson_Vol_1_4_001.jpg/revision/latest/scale-to-width-down/258?cb=20151224032550,crankly
https://vignette.wikia.nocookie.net/marveldatabase/images/b/b0/Veranke_%28Earth-616%29_from_New_Avengers_Vol_1_40_003.jpg/revision/latest/scale-to-width-down/316?cb=20171025055040,vagally
https://vignette.wikia.nocookie.net/marveldatabase/images/5/5e/Uncanny_X-Men_Vol_2_2_Textless.jpg/revision/latest/scale-to-width-down/329?cb=20180224020225,harpers
https://vignette.wikia.nocookie.net/marveldatabase/images/1/16/Anthony_Druid_%28Earth-616%29_from_Squadron_Supreme_Vol_4_4_001.png/revision/latest/scale-to-width-down/235?cb=20160218005659,mushier
https://vignette.wikia.nocookie.net/marveldatabase/images/f/fc/Cassandra_Lang_%28Earth-616%29_from_Astonishing_Ant-Man_Vol_1_6_001.jpg/revision/latest/scale-to-width-down/272?cb=20160318001649,gladify
https://vignette.wikia.nocookie.net/marveldatabase/images/3/30/Beta_Ray_Bill_%28Earth-616%29_from_Unworthy_Thor_Vol_1_3_002.jpg/revision/latest/scale-to-width-down/325?cb=20170109235349,fluming
https://vignette.wikia.nocookie.net/marveldatabase/images/e/e5/Samuel_Sterns_%28Earth-616%29_from_Incredible_Hulk_Vol_1_603.jpg/revision/latest/scale-to-width-down/329?cb=20151225193000,rooinek
https://vignette.wikia.nocookie.net/marveldatabase/images/e/ef/Leech_%28Earth-616%29_from_Official_Handbook_of_the_Marvel_Universe_A-Z_Update_Vol_1_5_0001.jpg/revision/latest/scale-to-width-down/179?cb=20160821015817,poetise
https://vignette.wikia.nocookie.net/marveldatabase/images/f/fb/Glenn_Talbot_%28Earth-616%29_from_Official_Handbook_of_the_Marvel_Universe_Hulk_2004_Vol_1_1_0001.jpg/revision/latest/scale-to-width-down/194?cb=20170411120836,selfful
https://vignette.wikia.nocookie.net/marveldatabase/images/5/56/Peter_Petruski_%28Earth-616%29_from_Deadpool_Vol_3_42_001.jpg/revision/latest/scale-to-width-down/350?cb=20150425202915,yappish
https://vignette.wikia.nocookie.net/marveldatabase/images/6/6e/Julie_Power_%28Earth-616%29_from_Runaways_Vol_5_8_001.jpg/revision/latest/scale-to-width-down/330?cb=20180405111452,prepose
https://vignette.wikia.nocookie.net/marveldatabase/images/4/41/Giuletta_Nefaria_%28Earth-616%29_from_Invincible_Iron_Man_Vol_3_2_002.jpg/revision/latest/scale-to-width-down/256?cb=20151021211751,oarsmen
https://vignette.wikia.nocookie.net/marveldatabase/images/6/62/Robert_Ralston_%28Earth-616%29_002.jpg/revision/latest/scale-to-width-down/350?cb=20120521080940,outpost
https://vignette.wikia.nocookie.net/marveldatabase/images/8/82/Maximus_Boltagon_%28Earth-616%29_from_Royals_Vol_1_7_cover_001.jpg/revision/latest/scale-to-width-down/324?cb=20171215232803,euscaro
https://vignette.wikia.nocookie.net/marveldatabase/images/f/f0/Genis-Vell_%28Earth-616%29_from_All-New_Official_Handbook_of_the_Marvel_Universe_Vol_1_8_001.jpg/revision/latest/scale-to-width-down/235?cb=20170820074231,orbless
https://vignette.wikia.nocookie.net/marveldatabase/images/a/a2/Wolverine_and_the_X-Men_Alpha_%26_Omega_Vol_1_3_Textless.jpg/revision/latest/scale-to-width-down/329?cb=20111220054102,typhons
https://vignette.wikia.nocookie.net/marveldatabase/images/a/a0/Spider-Man_Deadpool_Vol_1_27_Textless.jpg/revision/latest/scale-to-width-down/321?cb=20171018102920,emptive
https://vignette.wikia.nocookie.net/marveldatabase/images/a/a1/Eliot_Franklin_%28Thunderball%29_%28Earth-616%29_from_New_Avengers_Vol_1_56_0001.jpg/revision/latest/scale-to-width-down/251?cb=20120118034934,capling
https://vignette.wikia.nocookie.net/marveldatabase/images/5/54/X-51_%28Earth-616%29_from_All-New_Official_Handbook_of_the_Marvel_Universe_Vol_1_6_0001.jpg/revision/latest/scale-to-width-down/206?cb=20160508224511,propugn
https://vignette.wikia.nocookie.net/marveldatabase/images/e/e4/Madelyne_Pryor_%28Earth-616%29_from_X-Men_Vol_4_12_0001.jpg/revision/latest/scale-to-width-down/336?cb=20140327183921,biasses
https://vignette.wikia.nocookie.net/marveldatabase/images/2/2b/Adolf_Hitler_%28Earth-616%29_Marvels_Project_Vol_1_7.png/revision/latest/scale-to-width-down/350?cb=20141124175741,reliver
https://vignette.wikia.nocookie.net/marveldatabase/images/a/a3/Herman_Schultz_%28Earth-616%29_from_Thunderbolts_Vol_1_159_0001.jpg/revision/latest/scale-to-width-down/281?cb=20130518001913,charque
https://vignette.wikia.nocookie.net/marveldatabase/images/a/ac/New_X-Men_Vol_2_3_Textless.jpg/revision/latest/scale-to-width-down/332?cb=20091018194722,stoures
https://vignette.wikia.nocookie.net/marveldatabase/images/6/67/Thor_First_Thunder_Vol_1_4_Textless.jpg/revision/latest/scale-to-width-down/329?cb=20170716085121,flabile
https://vignette.wikia.nocookie.net/marveldatabase/images/1/10/Ulysses_Klaw_%28Earth-616%29_from_Superior_Carnage_Vol_1_1_001.jpg/revision/latest/scale-to-width-down/325?cb=20130718233151,unvisor
https://vignette.wikia.nocookie.net/marveldatabase/images/7/7c/New_X-Men_Hellions_Vol_1_3_Textless.jpg/revision/latest/scale-to-width-down/330?cb=20081029005014,subduce
https://vignette.wikia.nocookie.net/marveldatabase/images/e/ec/Kyle_Gibney_%28Earth-616%29_0001.jpg/revision/latest/scale-to-width-down/207?cb=20100331145132,sulfurs
https://vignette.wikia.nocookie.net/marveldatabase/images/5/58/Jack_Monroe_%28Earth-616%29.png/revision/latest/scale-to-width-down/280?cb=20081230153852,daunter
https://vignette.wikia.nocookie.net/marveldatabase/images/9/91/Madeline_Joyce_%28Earth-616%29_from_Women_of_Marvel_Celebrating_Seven_Decades_Handbook_Vol_1_1_001.jpg/revision/latest/scale-to-width-down/280?cb=20170410173253,aglucon
https://vignette.wikia.nocookie.net/marveldatabase/images/b/bf/George_Tarleton_%28Earth-616%29_from_Incredible_Hulk_Vol_1_610_0001.jpg/revision/latest?cb=20120414230952,janapum
https://vignette.wikia.nocookie.net/marveldatabase/images/d/d5/Jocasta_Pym_%28Earth-616%29_from_Avengers_A.I._Vol_1_7.INH_001.jpg/revision/latest/scale-to-width-down/349?cb=20180909022805,chymous
https://vignette.wikia.nocookie.net/marveldatabase/images/3/39/Peter_Wisdom_%28Earth-616%29_from_X-Men_Legacy_Vol_2_13_001.jpg/revision/latest/scale-to-width-down/319?cb=20170226201857,dianite
https://vignette.wikia.nocookie.net/marveldatabase/images/7/73/Jeffrey_Mace_%28Earth-616%29_0001_%28cut%29.jpg/revision/latest?cb=20120204022134,grapeys
https://vignette.wikia.nocookie.net/marveldatabase/images/2/24/Atlas_Vol_1_1_Women_of_Marvel_Variant_Textless.jpg/revision/latest/scale-to-width-down/348?cb=20100219131014,inclusa
https://vignette.wikia.nocookie.net/marveldatabase/images/9/9b/Dragon_Man_%28Earth-616%29_reunited_with_the_Future_Foundation_from_Fantastic_Four_Vol_5_9.jpg/revision/latest/scale-to-width-down/350?cb=20150409023937,tantivy
https://vignette.wikia.nocookie.net/marveldatabase/images/e/e5/Narya_%28Earth-616%29_from_Alpha_Flight_Vol_4_6_001.jpg/revision/latest/scale-to-width-down/263?cb=20131209043334,nicotia
https://vignette.wikia.nocookie.net/marveldatabase/images/a/af/Burglar_%28Earth-616%29_from_Amazing_Spider-Man_Vol_1_200_0002.jpg/revision/latest?cb=20170402052207,uptakes
https://vignette.wikia.nocookie.net/marveldatabase/images/1/14/Dino_Manelli_%28Earth-616%29.jpg/revision/latest/scale-to-width-down/249?cb=20071030221828,gorgets
https://vignette.wikia.nocookie.net/marveldatabase/images/7/78/Doctor_Voodoo_Avenger_of_the_Supernatural_Vol_1_4_Textless.jpg/revision/latest/scale-to-width-down/348?cb=20130418054939,sivaism
https://vignette.wikia.nocookie.net/marveldatabase/images/f/f9/Royals_Vol_1_4_Textless.jpg/revision/latest/scale-to-width-down/329?cb=20170321165915,nonbank
https://vignette.wikia.nocookie.net/marveldatabase/images/d/de/Marvels_Project_Vol_1_4_McNiven_Variant_Textless.jpg/revision/latest/scale-to-width-down/333?cb=20091027200924,cougnar
https://vignette.wikia.nocookie.net/marveldatabase/images/d/d2/Jasper_Sitwell_%28Earth-616%29_from_Howling_Commandos_of_S.H.I.E.L.D._Vol_1_1_001.jpg/revision/latest/scale-to-width-down/193?cb=20150901182248,presift
https://vignette.wikia.nocookie.net/marveldatabase/images/c/c5/Frank_Payne_%28Earth-616%29_from_Venom_Vol_2_37_001.jpg/revision/latest/scale-to-width-down/350?cb=20130801003701,scunner
https://vignette.wikia.nocookie.net/marveldatabase/images/a/a9/Heroes_for_Hire_Vol_3_3_Second_Printing_Variant_Textless.jpg/revision/latest/scale-to-width-down/329?cb=20170801052003,unmewed
https://vignette.wikia.nocookie.net/marveldatabase/images/9/93/Steel_%28Earth-616%29.jpg/revision/latest?cb=20120627221655,mashman
https://vignette.wikia.nocookie.net/marveldatabase/images/2/22/Mad_Thinker_%28Julius%29_%28Earth-616%29_from_Marvel_2-In-One_Vol_1_8_001.jpg/revision/latest/scale-to-width-down/304?cb=20180902174140,pursuer
https://vignette.wikia.nocookie.net/marveldatabase/images/4/44/Brian_Calusky_%28Earth-616%29_from_New_Avengers_Vol_1_56_0001.jpg/revision/latest/scale-to-width-down/244?cb=20120118034432,outbulk
https://vignette.wikia.nocookie.net/marveldatabase/images/6/66/Arthur_Maddicks_%28Earth-616%29_from_Fantastic_Four_Vol_1_574.png/revision/latest/scale-to-width-down/350?cb=20140927171510,djebels
https://vignette.wikia.nocookie.net/marveldatabase/images/4/4c/Hedy_Wolfe_%28Earth-616%29_from_Patsy_Walker%2C_AKA_Hellcat%21_Vol_1_2_001.jpg/revision/latest/scale-to-width-down/350?cb=20160509032635,escaped
https://vignette.wikia.nocookie.net/marveldatabase/images/3/36/Isadore_Cohen_%28Earth-616%29.jpg/revision/latest/scale-to-width-down/201?cb=20090326203206,grieved
https://vignette.wikia.nocookie.net/marveldatabase/images/6/67/Defenders_Vol_3_3_Textless.jpg/revision/latest/scale-to-width-down/333?cb=20070531163016,lentile
https://vignette.wikia.nocookie.net/marveldatabase/images/2/29/Eternals_Vol_3_2_Romita_Jr._Variant_Textless.jpg/revision/latest/scale-to-width-down/329?cb=20170721015952,serioso
https://vignette.wikia.nocookie.net/marveldatabase/images/b/b6/Marlo_Chandler_%28Earth-616%29_from_World_War_Hulks_Vol_1_1_001.jpg/revision/latest/scale-to-width-down/276?cb=20101111170949,aniente
https://vignette.wikia.nocookie.net/marveldatabase/images/8/86/Percival_Pinkerton_%28Earth-616%29_from_Black_Panther_Captain_America_Flags_of_Our_Fathers_Vol_1_1_001.jpg/revision/latest/scale-to-width-down/262?cb=20151130151855,fortlet
https://vignette.wikia.nocookie.net/marveldatabase/images/f/f8/Quintavius_Quire_%28Earth-616%29_from_West_Coast_Avengers_Vol_3_5_001.jpg/revision/latest/scale-to-width-down/330?cb=20181225165147,flubbed
https://vignette.wikia.nocookie.net/marveldatabase/images/b/b0/MarlaJameson002.jpg/revision/latest?cb=20080323033006,reclose
https://vignette.wikia.nocookie.net/marveldatabase/images/6/6c/Web_of_Venom_Carnage_Born_Vol_1_1_Textless.jpg/revision/latest/scale-to-width-down/336?cb=20180821184118,sabring
https://vignette.wikia.nocookie.net/marveldatabase/images/5/5e/Supreme_Intelligence_%28Earth-616%29_from_Official_Handbook_of_the_Marvel_Universe_Master_Edition_Vol_1_8_001.jpg/revision/latest/scale-to-width-down/350?cb=20190315155010,hadrons
https://vignette.wikia.nocookie.net/marveldatabase/images/c/c1/Aragorn_%28Earth-616%29_from_Marvel_Pets_Handbook_Vol_1_1_0001.jpg/revision/latest/scale-to-width-down/256?cb=20160510040544,markman
https://vignette.wikia.nocookie.net/marveldatabase/images/d/d1/Betty_Dean_Marvels.jpg/revision/latest?cb=20120831222056,deringa
https://vignette.wikia.nocookie.net/marveldatabase/images/b/bb/Karnilla_%28Earth-616%29_from_Mighty_Thor_Vol_1_700_001.jpg/revision/latest/scale-to-width-down/284?cb=20171019183147,sabines
https://vignette.wikia.nocookie.net/marveldatabase/images/d/d2/Jacqueline_Falsworth_%28Earth-616%29_from_All-New_Invaders_Vol_1_7_002.jpg/revision/latest?cb=20141129191642,fiances
https://vignette.wikia.nocookie.net/marveldatabase/images/b/bf/Caliban_%28Earth-616%29_from_X-Men_Battle_of_the_Atom_%28video_game%29_001.jpg/revision/latest/scale-to-width-down/350?cb=20171022003549,options
https://vignette.wikia.nocookie.net/marveldatabase/images/d/d0/Isaac_Christians_%28Earth-616%29.jpg/revision/latest?cb=20091125165323,outsize
https://vignette.wikia.nocookie.net/marveldatabase/images/0/06/Captain_America_and_Crossbones_Vol_1_1_Textless.jpg/revision/latest/scale-to-width-down/329?cb=20160323181133,lunging
https://vignette.wikia.nocookie.net/marveldatabase/images/9/92/Norbert_Ebersol_%28Earth-616%29_from_Thunderbolts_Vol_3_2_001.png/revision/latest/scale-to-width-down/350?cb=20160608180517,forpine
https://vignette.wikia.nocookie.net/marveldatabase/images/0/02/Thanos_vs._Hulk_Vol_1_4_Textless.jpg/revision/latest/scale-to-width-down/326?cb=20141216192327,reroute
https://vignette.wikia.nocookie.net/marveldatabase/images/0/01/Thorne_Sonja.jpg/revision/latest/scale-to-width-down/332?cb=20120407085808,dinnery
https://vignette.wikia.nocookie.net/marveldatabase/images/8/87/Marvel_Zombies_Supreme_Vol_1_4_Textless.jpg/revision/latest/scale-to-width-down/329?cb=20141225073345,manfish
https://vignette.wikia.nocookie.net/marveldatabase/images/7/70/Bambina_Arbogast_%28Earth-616%29_from_Invincible_Iron_Man_Vol_2_27_001.jpg/revision/latest?cb=20120311212522,paiking
https://vignette.wikia.nocookie.net/marveldatabase/images/6/67/New_X-Men_Hellions_Vol_1_2_Textless.jpg/revision/latest/scale-to-width-down/333?cb=20081029005014,tagster
https://vignette.wikia.nocookie.net/marveldatabase/images/3/35/Herc_Vol_1_9_Textless.jpg/revision/latest/scale-to-width-down/329?cb=20110727000638,solutus
https://vignette.wikia.nocookie.net/marveldatabase/images/f/f0/Randolph_Robertson_%28Earth-616%29.jpg/revision/latest?cb=20090320060906,siluric
https://vignette.wikia.nocookie.net/marveldatabase/images/1/12/Yao_%28Earth-616%29_from_New_Avengers_Vol_2_3_0001.jpg/revision/latest/scale-to-width-down/337?cb=20110424134627,thratch
https://vignette.wikia.nocookie.net/marveldatabase/images/2/23/Scarlet_Witch_Vol_2_13_Textless.jpg/revision/latest/scale-to-width-down/329?cb=20160920192259,coeline
https://vignette.wikia.nocookie.net/marveldatabase/images/f/f5/Jack_Tarr_%28Earth-616%29_from_Deadly_Hands_of_Kung_Fu_Vol_2_1_001.jpg/revision/latest/scale-to-width-down/350?cb=20170703045944,phonily
https://vignette.wikia.nocookie.net/marveldatabase/images/e/e2/All-New_Hawkeye_Vol_2_5_Women_of_Power_Variant_Textless.jpg/revision/latest/scale-to-width-down/330?cb=20181228073223,climath
https://vignette.wikia.nocookie.net/marveldatabase/images/6/66/Jason_Wyngarde_%28Earth-616%29_from_Wolverine_Weapon_X_Files_Vol_1_1_001.jpg/revision/latest/scale-to-width-down/211?cb=20160610221807,testing
https://vignette.wikia.nocookie.net/marveldatabase/images/7/7e/Walter_Newell_%28Earth-616%29_from_Deadpool_%26_the_Mercs_for_Money_Vol_1_1_001.jpg/revision/latest/scale-to-width-down/295?cb=20160207190624,tasting
https://vignette.wikia.nocookie.net/marveldatabase/images/5/5b/Joanna_Cargill_%28Earth-616%29_from_Secret_Empire_United_Vol_1_1_001.png/revision/latest/scale-to-width-down/321?cb=20170617185256,hausens
https://vignette.wikia.nocookie.net/marveldatabase/images/2/28/Dark_Reign_The_Hood_Vol_1_1_Textless.jpg/revision/latest/scale-to-width-down/329?cb=20090926091514,newgate
https://vignette.wikia.nocookie.net/marveldatabase/images/4/49/Rocket_Raccoon_Vol_2_3_Textless.jpg/revision/latest/scale-to-width-down/327?cb=20140617210111,junkman
https://vignette.wikia.nocookie.net/marveldatabase/images/5/5d/Secret_Invasion_Fantastic_Four_Vol_1_2_Textless.jpg/revision/latest/scale-to-width-down/333?cb=20100403132216,mikvehs
https://vignette.wikia.nocookie.net/marveldatabase/images/f/fa/Georges_Batroc_%28Earth-616%29_from_Unbelievable_Gwenpool_Vol_1_2_001.jpg/revision/latest/scale-to-width-down/325?cb=20160513012149,boggles
https://vignette.wikia.nocookie.net/marveldatabase/images/a/a2/Wyatt_Wingfoot_%28Earth-616%29_from_Fantastic_Four_Vol_1_643_001.jpg/revision/latest/scale-to-width-down/153?cb=20151130003243,fipenny
https://vignette.wikia.nocookie.net/marveldatabase/images/1/1c/Henry_Camp_%28Earth-616%29_from_New_Avengers_Annual_Vol_1_2.jpg/revision/latest?cb=20120115214547,pinocle
https://vignette.wikia.nocookie.net/marveldatabase/images/d/d8/Star-Lord_Vol_2_2_Textless.jpg/revision/latest/scale-to-width-down/329?cb=20161018191307,sheeter
https://vignette.wikia.nocookie.net/marveldatabase/images/0/07/Marrow_%28Sarah%29_%28Earth-616%29_from_Secret_Empire_United_Vol_1_1_001.png/revision/latest/scale-to-width-down/345?cb=20170615172353,crimple
https://vignette.wikia.nocookie.net/marveldatabase/images/2/20/Vision_%28Jonas%29_%28Earth-616%29.png/revision/latest/scale-to-width-down/350?cb=20100315041244,whitter
https://vignette.wikia.nocookie.net/marveldatabase/images/2/25/William_Kaplan_%28Earth-616%29_from_Young_Avengers_Vol_2_11_001.jpg/revision/latest/scale-to-width-down/333?cb=20131025005346,zootype
https://vignette.wikia.nocookie.net/marveldatabase/images/c/c2/George_Stacy_%28Earth-616%29_from_Official_Handbook_of_the_Marvel_Universe_Book_of_the_Dead_2004_Vol_1_1_0001.png/revision/latest/scale-to-width-down/210?cb=20170409180645,becharm
https://vignette.wikia.nocookie.net/marveldatabase/images/0/03/Marionette_%28Earth-616%29.jpg/revision/latest/scale-to-width-down/272?cb=20070730144408,chaunts
https://vignette.wikia.nocookie.net/marveldatabase/images/1/10/Todd_Arliss_%28Earth-616%29_from_Avengers_Vol_8_9_001.jpg/revision/latest/scale-to-width-down/350?cb=20190202002452,shrieky
https://vignette.wikia.nocookie.net/marveldatabase/images/1/15/Amazing_Spider-Man_Vol_3_17.1_Textless.jpg/revision/latest/scale-to-width-down/316?cb=20150119193829,remudas
https://vignette.wikia.nocookie.net/marveldatabase/images/d/d2/Heinrich_Zemo_%28Earth-616%29_from_Thunderbolts_Vol_1_164_0001.jpg/revision/latest/scale-to-width-down/274?cb=20111007182939,gladite
https://vignette.wikia.nocookie.net/marveldatabase/images/c/c8/Savage_Hulk_Vol_2_2_Textless.jpg/revision/latest/scale-to-width-down/328?cb=20140424004140,silvern
https://vignette.wikia.nocookie.net/marveldatabase/images/8/81/Arcturus_Rann_%28Earth-616%29.jpg/revision/latest?cb=20090510181426,venomly
https://vignette.wikia.nocookie.net/marveldatabase/images/7/7f/James_Woo_%28Earth-616%29_from_Totally_Awesome_Hulk_Vol_1_16_001.jpg/revision/latest/scale-to-width-down/325?cb=20170322213516,awesome
https://vignette.wikia.nocookie.net/marveldatabase/images/7/7a/Frank_Drake_%28Earth-616%29_from_Vampires_The_Marvel_Undead_Vol_1_1_0001.jpg/revision/latest/scale-to-width-down/232?cb=20140729133013,damaged
https://vignette.wikia.nocookie.net/marveldatabase/images/8/8f/Black_Panther_Vol_6_4_Death_of_X_Variant_Textless.jpg/revision/latest/scale-to-width-down/329?cb=20160627224911,pandrop
https://vignette.wikia.nocookie.net/marveldatabase/images/8/80/Dorma_%28Earth-616%29_from_Official_Handbook_of_the_Marvel_Universe_Vol_4_7_001.jpg/revision/latest/scale-to-width-down/175?cb=20061208210938,escrime
https://vignette.wikia.nocookie.net/marveldatabase/images/5/59/Daredevil_Vol_5_24_Textless.jpg/revision/latest/scale-to-width-down/329?cb=20170419054211,outtask
https://vignette.wikia.nocookie.net/marveldatabase/images/3/38/Doop_%28Earth-616%29_from_Wolverine_and_the_X-Men_Vol_2_5.jpg/revision/latest/scale-to-width-down/350?cb=20140619050937,callant
https://vignette.wikia.nocookie.net/marveldatabase/images/c/c7/David_Alleyne_%28Earth-616%29_011.jpg/revision/latest?cb=20140529184719,vibrate
https://vignette.wikia.nocookie.net/marveldatabase/images/3/3e/Hepzibah_%28Earth-616%29_from_X-Men_Battle_of_the_Atom_%28video_game%29_002.jpg/revision/latest/scale-to-width-down/350?cb=20171022010520,paganly
https://vignette.wikia.nocookie.net/marveldatabase/images/2/2d/Uncanny_X-Men_Vol_4_16_Moore_Variant_Textless.jpg/revision/latest/scale-to-width-down/329?cb=20170115045938,insulin
https://vignette.wikia.nocookie.net/marveldatabase/images/8/8d/Samuel_Sawyer_%28Earth-616%29_from_Official_Handbook_of_the_Marvel_Universe_Vol_2_19_0001.jpg/revision/latest/scale-to-width-down/194?cb=20160822224542,drizzle
https://vignette.wikia.nocookie.net/marveldatabase/images/9/96/Jacques_Duquesne_%28Earth-616%29.png/revision/latest?cb=20081011044037,fencing
https://vignette.wikia.nocookie.net/marveldatabase/images/e/e1/Arcade_%28Earth-616%29_from_Elektra_Vol_4_1_0001.jpg/revision/latest/scale-to-width-down/325?cb=20180323192721,unvowed
https://vignette.wikia.nocookie.net/marveldatabase/images/2/20/Typhoid_Fever_Iron_Fist_Vol_1_1_Chan_Variant_Textless.jpg/revision/latest/scale-to-width-down/329?cb=20180918190421,fumaryl
https://vignette.wikia.nocookie.net/marveldatabase/images/2/2c/Miguel_Santos_%28Earth-616%29_from_Avengers_Vol_1_675_001.jpg/revision/latest/scale-to-width-down/350?cb=20180110202322,birches
https://vignette.wikia.nocookie.net/marveldatabase/images/9/9a/Christopher_Summers_%28Earth-616%29_from_Mr._and_Mrs._X_Vol_1_4_001.jpg/revision/latest/scale-to-width-down/244?cb=20181021211549,perloir
https://vignette.wikia.nocookie.net/marveldatabase/images/7/7b/Morris_Bench_%28Earth-616%29_from_Marvel_2-In-One_Vol_1_3_001.jpg/revision/latest/scale-to-width-down/350?cb=20181213074842,donnick
https://vignette.wikia.nocookie.net/marveldatabase/images/a/a0/David_Cannon_%28Earth-616%29_from_Infinity_Heist_Vol_1_3_001.jpg/revision/latest/scale-to-width-down/350?cb=20131129024336,stratal
https://vignette.wikia.nocookie.net/marveldatabase/images/a/a5/X-Force_Vol_1_39.jpg/revision/latest/scale-to-width-down/325?cb=20180127050835,cassius
https://vignette.wikia.nocookie.net/marveldatabase/images/5/5a/Spider-Man_Vol_1_237_Textless.jpg/revision/latest/scale-to-width-down/328?cb=20171219181335,runback
https://vignette.wikia.nocookie.net/marveldatabase/images/5/5f/Dominikos_Petrakis_%28Earth-616%29_00.jpg/revision/latest/scale-to-width-down/350?cb=20121004233839,venerer
https://vignette.wikia.nocookie.net/marveldatabase/images/4/45/St._John_Allerdyce_%28Earth-616%29_from_Marvel_War_of_Heroes_003.jpg/revision/latest/scale-to-width-down/350?cb=20180617020413,quienal
https://vignette.wikia.nocookie.net/marveldatabase/images/d/db/Mary_MacPherran_%28Earth-616%29_from_Black_Bolt_Vol_1_8_001.jpg/revision/latest/scale-to-width-down/325?cb=20171210175714,nasutus
https://vignette.wikia.nocookie.net/marveldatabase/images/0/04/Rita_Wayword_%28Earth-616%29_from_Mr._and_Mrs._X_Vol_1_7_001.jpg/revision/latest/scale-to-width-down/335?cb=20190328161207,mandola
https://vignette.wikia.nocookie.net/marveldatabase/images/1/14/Angelo_Espinosa_%28Earth-616%29_from_1996_Fleer_X-Men_%28Trading_Cards%29_0001.jpg/revision/latest/scale-to-width-down/350?cb=20070331210347,spirtle
https://vignette.wikia.nocookie.net/marveldatabase/images/b/b9/Layla_Miller_%28Earth-616%29_016.jpg/revision/latest?cb=20130608104253,abiezer
https://vignette.wikia.nocookie.net/marveldatabase/images/6/65/Leland_Owlsley_%28Earth-616%29_from_Daredevil_Vol_4_13_001.jpg/revision/latest/scale-to-width-down/325?cb=20150228052056,minchah
https://vignette.wikia.nocookie.net/marveldatabase/images/2/2d/Karl_Lykos_%28Earth-616%29_from_Marvel_Masterpieces_%28Trading_Cards%29_1995_Series_0001.jpg/revision/latest/scale-to-width-down/350?cb=20070509205946,totchka
https://vignette.wikia.nocookie.net/marveldatabase/images/e/e3/Jason_Macendale_Jr._%28Earth-616%29_from_Official_Handbook_of_the_Marvel_Universe_Spider-Man_Back_in_Black_Vol_1_1_0001.jpg/revision/latest/scale-to-width-down/350?cb=20170409182301,byepath
https://vignette.wikia.nocookie.net/marveldatabase/images/0/0b/Clay_Harder_%28Earth-616%29.jpg/revision/latest/scale-to-width-down/350?cb=20120609000132,truncal
https://vignette.wikia.nocookie.net/marveldatabase/images/d/da/Freyja_Freyrdottir_%28Earth-616%29_from_Mighty_Thor_Vol_2_1_cover_001.jpg/revision/latest/scale-to-width-down/256?cb=20180427083438,spheral
https://vignette.wikia.nocookie.net/marveldatabase/images/e/e1/Eternals_Vol_4_6_Textless.jpg/revision/latest/scale-to-width-down/350?cb=20131115054235,molding
https://vignette.wikia.nocookie.net/marveldatabase/images/8/8e/FF_Vol_1_15_-_Jack_Power_%28Earth-616%29.png/revision/latest/scale-to-width-down/238?cb=20120328221857,sinopic
https://vignette.wikia.nocookie.net/marveldatabase/images/5/5d/Katie_Power_%28Earth-616%29_from_Power_Pack_Vol_1_63_001.jpg/revision/latest/scale-to-width-down/239?cb=20180118214631,bonuses
https://vignette.wikia.nocookie.net/marveldatabase/images/f/f8/Sharon_Ventura_%28Earth-616%29_from_All-New_Official_Handbook_of_the_Marvel_Universe_A_to_Z_Vol_1_7_0001.jpg/revision/latest/scale-to-width-down/193?cb=20170414095525,myocdia
https://vignette.wikia.nocookie.net/marveldatabase/images/3/30/Nico_Minoru_%28Earth-616%29_from_Runaways_Vol_5_1_Wada_Variant_cover.jpg/revision/latest/scale-to-width-down/220?cb=20170913222706,akinete
https://vignette.wikia.nocookie.net/marveldatabase/images/b/b0/Clive_Reston_%28Earth-616%29_from_All-New_Official_Handbook_of_the_Marvel_Universe_Update_Vol_1_2_0001.jpg/revision/latest/scale-to-width-down/259?cb=20180428023138,minicar
https://vignette.wikia.nocookie.net/marveldatabase/images/4/4c/Idie_Okonkwo_%28Earth-616%29_from_All-New_X-Men_Annual_Vol_2_1_cover_001.jpg/revision/latest/scale-to-width-down/213?cb=20161211163707,picarel
https://vignette.wikia.nocookie.net/marveldatabase/images/2/24/Robert_Frank_%28Earth-616%29_from_What_If%3F_Vol_1_4_0001.jpg/revision/latest?cb=20160422153201,vedette
https://vignette.wikia.nocookie.net/marveldatabase/images/6/6d/Elizabeth_Twoyoungmen_%28Earth-616%29_from_Amazing_X-Men_Vol_2_9_001.png/revision/latest/scale-to-width-down/251?cb=20140705042213,sleided
https://vignette.wikia.nocookie.net/marveldatabase/images/2/26/Everett_Thomas_%28Earth-616%29_X-Men_Vol_2_36_001.jpg/revision/latest/scale-to-width-down/201?cb=20190322202351,bleared
https://vignette.wikia.nocookie.net/marveldatabase/images/1/16/Danger_%28Earth-616%29_from_All-New_X-Factor_Vol_1_20_001.png/revision/latest/scale-to-width-down/224?cb=20150118070533,wastine
https://vignette.wikia.nocookie.net/marveldatabase/images/f/f0/Theodore_Altman_%28Earth-616%29_008.jpg/revision/latest/scale-to-width-down/294?cb=20140530030207,drawout
https://vignette.wikia.nocookie.net/marveldatabase/images/5/5b/Amadeus_Cho_%28Earth-616%29_from_Champions_Vol_2_22_cover_001.jpg/revision/latest?cb=20180531011726,illoyal
